name,url
Connexion,https://samsonite.com.tn/fr/mon-compte
,https://samsonite.com.tn/fr/
Accueil,https://samsonite.com.tn/fr/
Business,https://samsonite.com.tn/fr/10-business
Sac Ordinateur,https://samsonite.com.tn/fr/11-sac-ordinateur
Pilot Case,https://samsonite.com.tn/fr/12-pilot-case
Valises,https://samsonite.com.tn/fr/13-valises
Rigides,https://samsonite.com.tn/fr/14-rigides
Souples,https://samsonite.com.tn/fr/15-souples
Ensembles de valises,https://samsonite.com.tn/fr/38-ensembles-de-valises
Accessoire,https://samsonite.com.tn/fr/16-accessoire
Accessoires,https://samsonite.com.tn/fr/17-accessoires
Housse de valise,https://samsonite.com.tn/fr/18-housse-de-valise
Sangles,https://samsonite.com.tn/fr/19-sangles
Porte adresse,https://samsonite.com.tn/fr/20-porte-adresse
Portefeuille,https://samsonite.com.tn/fr/21-portefeuille
Cadenas,https://samsonite.com.tn/fr/22-cadenas
Coussin de voyage,https://samsonite.com.tn/fr/23-coussin-de-voyage
Parapluie,https://samsonite.com.tn/fr/24-parapluie
Masques,https://samsonite.com.tn/fr/25-masques
Disney & Enfant,https://samsonite.com.tn/fr/27-disney-enfant
Sac à dos enfants,https://samsonite.com.tn/fr/28-sac-a-dos-enfants
Valise enfant,https://samsonite.com.tn/fr/29-valise-enfant
Trousse enfant,https://samsonite.com.tn/fr/31-trousse-enfant
Sac à dos,https://samsonite.com.tn/fr/32-sac-a-dos
Sac Ordinateur,https://samsonite.com.tn/fr/33-sac-ordinateur
Sac Scolaire,https://samsonite.com.tn/fr/34-sac-scolaire
Sac à Roulette,https://samsonite.com.tn/fr/35-sac-a-roulette
Sac Enfant,https://samsonite.com.tn/fr/36-sac-enfant
Promos,https://samsonite.com.tn/fr/37-promos
Accueil,https://samsonite.com.tn/fr/40-accueil
Français,https://samsonite.com.tn/fr/plan-site
Accueil,https://samsonite.com.tn/fr/
Nouveaux produits,https://samsonite.com.tn/fr/nouveaux-produits
Marques,https://samsonite.com.tn/fr/brands
American Tourister,https://samsonite.com.tn/fr/brand/4-american-tourister
Disney,https://samsonite.com.tn/fr/brand/5-disney
High Sierra,https://samsonite.com.tn/fr/brand/6-high-sierra
Lipault,https://samsonite.com.tn/fr/brand/7-lipault
Samsonite,https://samsonite.com.tn/fr/brand/3-samsonite
Accueil,https://samsonite.com.tn/fr/2-accueil
Business,https://samsonite.com.tn/fr/10-business
Valises,https://samsonite.com.tn/fr/13-valises
Accessoires,https://samsonite.com.tn/fr/17-accessoires
Disney & Enfant,https://samsonite.com.tn/fr/27-disney-enfant
Sac à dos,https://samsonite.com.tn/fr/32-sac-a-dos
Se connecter,https://samsonite.com.tn/fr/connexion
Créer un nouveau compte,https://samsonite.com.tn/fr/connexion?create_account=1
Livraison,https://samsonite.com.tn/fr/content/1-livraison
Mentions légales,https://samsonite.com.tn/fr/content/2-mentions-legales
Conditions d'utilisation,https://samsonite.com.tn/fr/content/3-conditions-d-utilisation
À propos,https://samsonite.com.tn/fr/content/4-a-propos
Paiement sécurisé,https://samsonite.com.tn/fr/content/5-paiement-securise
Nos magasins,https://samsonite.com.tn/fr/magasins
Contactez-nous,https://samsonite.com.tn/fr/nous-contacter
Plan du site,https://samsonite.com.tn/fr/plan-site
Promotions,https://samsonite.com.tn/fr/promotions
Meilleures ventes,https://samsonite.com.tn/fr/meilleures-ventes
Magasins,https://samsonite.com.tn/fr/magasins
Votre compte,https://samsonite.com.tn/fr/mon-compte
Informations personnelles,https://samsonite.com.tn/fr/identite
Commandes,https://samsonite.com.tn/fr/historique-commandes
Avoirs,https://samsonite.com.tn/fr/avoirs
Adresses,https://samsonite.com.tn/fr/adresses
Bons de réduction,https://samsonite.com.tn/fr/reduction
Mes alertes,//samsonite.com.tn/fr/module/ps_emailalerts/account
Connexion,https://samsonite.com.tn/fr/connexion
