product_id,feature_name,feature_value
288,Modèle,Valise 4 roues
288,Matière,Autres Matériaux
288,Serreur,Serreur à combinaison TSA
288,Fermetures à glissière,Oui
288,Poignée de traction,Double tube
288,Roulettes,4 roulettes
288,Types des roues,Roulettes silencieuses pour un plus grand confort
288,Porte-adresse,Porte-adresse intégré rétractable
288,Logo,A l'avant
277,Spécification,:
277,Garantie,Garantie mondiale limitée 5 ans
277,Modèle,Pilot Case
277,Couleur,Noir
277,Matière,Nylon balistique
277,Dimension,39 x 44 x 20 cm
277,Taille,Taille cabine
277,Volume,22 L
277,Poids,3.3 Kg
277,Extérieur,:
277,Catégorie,Souple
277,Serreur,Oui
277,Fermetures à glissière,Oui
277,Poignées,Poignée(s) haute(s) & poignée(s) de portage
277,Poignée de traction,Double tube
277,Roulettes,4 roulettes
277,Types des roues, Roulettes silencieuses & multidirectionnelles
277,Poches extérieures,3 poches extérieures
277,Porte-adresse,étiquette d'identification rétractable 
277,Intérieur,:
277,Compartiment ordinateur,Oui
277,Dimensions écran,"15.6"""
277,Poche pour tablette,Oui
277,Dimension tablette,"10"""
277,Compartiment pour documents,Oui
277,Porte-clés,Porte clé fourni
277,Poches,4 poches intérieure et plus
277,Poches,1 poche téléphone portable / PDA
277,Système Easy Pass,"Le système Easy Pass permet de faire passer des câbles dans les différents compartiments du sac, gardant les appareils électroniques chargés sans avoir à les sortir."
277,Compartiment Power Bank,Oui
277,Poche pour câbles,Oui
277,Compartiment,2 compartiments
277,Renforts de protection,Oui
259,Modèle,Pilot Case
259,Couleur,Noir
259,Matière,Nylon balistique
259,Taille,Taille cabine
259,Catégorie,Souple
259,Poignées, Poignée(s) haute(s)
259,Roulettes,4 roulettes
164,Spécification,:
164,Garantie,Garantie mondiale limitée de 2 ans
164,Modèle,Sac Ordinateur
164,Matière,100% Polyester
164,Dimension,44 x 28.5 x 24 cm
164,Volume,26.5 L
164,Poids,0.6 Kg
164,Extérieur,:
164,Poignées, Poignée(s) haute(s)
164,Poches extérieures,1 poche frontale
164,Bretelles,Bandoulières ergonomiques
164,Porte-bouteille,Oui
164,Intérieur,:
164,Compartiment principal,Oui
164,Compartiment ordinateur,Oui
164,Dimensions écran,"15.6"""
124,Spécification,:
124,Garantie,Garantie mondiale limitée de 2 ans
124,Modèle,Sacs porté croisé
124,Couleur,Noir
124,Matière,Nylon et Polyuréthane
124,Dimension,25 x 21.5 x 7.5 cm
124,Taille tablette max,13.5 x 21.6 x 1.4 cm (⌀ 20.3 cm)
124,Volume,3.5 L
124,Poids,0.4 Kg
124,Extérieur,:
124,Catégorie,Souple
124,Fermetures à glissière,Oui
124,Poches extérieures,1 poche frontale
124,Bandoulière,Ajustable
124,Logo,A l'avant
124,Intérieur,:
124,Compartiment principal,Compartiment principal avec poche intérieure
124,Poche pour tablette,Oui
124,Dimension tablette,"7.9"""
124,Organisation intérieur,Oui
123,Spécification,:
123,Garantie,Garantie mondiale limitée de 2 ans
123,Modèle,Sac à dos pour ordinateur
123,Couleur,Gris
123,Matière,100% Polyester
123,Dimension,44 x 30 x 21.5 cm
123,Volume,34 L
123,Poids,0.6 Kg
123,Extérieur,:
123,Catégorie,Souple
123,Fermetures à glissière,Oui
123,Poignées, Poignée(s) haute(s)
123,Poches extérieures,2 poches frontales
123,Passant arrière pour bagage,Oui
123,Bretelles,Bandoulières ergonomiques
123,Sangle de Poitrine,Oui
123,Manches intelligentes,Oui
123,Intérieur,:
123,Compartiment principal,Oui
123,Compartiment ordinateur,Oui
123,Dimensions écran,"15.6"""
123,Poche pour tablette,Oui
123,Dimension tablette,"10.5"""
123,Organisation intérieur,Oui
123,Compartiment frontal,Oui
166,Spécification,:
166,Garantie,Garantie mondiale limitée de 2 ans
166,Modèle,Sac Ordinateur
166,Matière,100% Polyester
166,Dimension,47 x 32 x 23 cm
166,Taille ordinateur max,37.5 x 26 x 3.5 cm (⌀ 39.6 cm)
166,Volume,27 L
166,Poids,0.5 Kg
166,Extérieur,:
166,Catégorie,Souple
166,Fermetures à glissière, Fermetures à glissière standard
166,Poignées, Poignée(s) haute(s)
166,Poches extérieures, 1 poche frontale & 1 poche latérale
166,Bretelles,Bandoulières ergonomiques
166,Porte-bouteille,Oui
166,Boutons de protection,Oui
166,Sangles de compression,Oui
166,Intérieur,:
166,Compartiment principal,Oui
166,Compartiment ordinateur,Oui
166,Dimensions écran,"15.6"""
166,Compartiment pour documents,Oui
166,Pen loops,Oui
119,Spécification,:
119,Garantie,Garantie mondiale limitée de 2 ans
119,Modèle,Sac à dos pour ordinateur
119,Couleur,Noir
119,Matière,100% en bouteilles PET recyclé
119,Dimension,55 x 39 x 22 cm
119,Taille,Taille cabine
119,Volume,28 L
119,Poids,2.26 Kg
119,Extérieur,:
119,Catégorie,Souple
119,Fermetures à glissière,Oui
119,Poignées,Poignée(s) haute(s) & poignée(s) de portage
119,Roulettes,2 roues
119,Bretelles,Réglables
119,Bandoulière,Ajustable
119,Sangle de Poitrine,Oui
119,Porte-adresse,Porte-adresse intégré rétractable
119,Ecoresponsable,Oui
119,Intérieur,:
119,Compartiment principal,Oui
119,Compartiment ordinateur,Oui
119,Dimensions écran,"17.3"""
119,Poche pour tablette,Oui
119,Dimension tablette,"10.5"""
119,Organisation intérieur,Oui
119,Compartiment Power Bank,Oui
119,Protection pour les roues,Oui
119,Ceinture,Oui
118,Spécification,:
118,Garantie,Garantie mondiale limitée de 2 ans
118,Modèle,Sac à dos pour ordinateur
118,Couleur,Noir
118,Matière,100% R-PET Polyester
118,Dimension,44 x 30 x 20 cm
118,Volume,21.5 L
118,Poids,0.7 Kg
118,Extérieur,:
118,Catégorie,Souple
118,Fermetures à glissière,Oui
118,Poignées, Poignée(s) haute(s)
118,Poches extérieures,2 poches frontales & 2 poches latérales
118,Passant arrière pour bagage,"OUI, Passant au dos permettant de maintenir votre sac à la poigné de votre valise"
118,Bretelles,Bandoulières ergonomiques
118,Porte-bouteille,Oui
118,Ecoresponsable,Oui
118,Logo,A l'avant
118,Intérieur,:
118,Compartiment principal,Compartiment principal avec poche intérieure
118,Compartiment ordinateur,Oui
118,Dimensions écran,"15.6"""
118,Poche pour tablette,Oui
118,Dimension tablette,"10.5"""
118,Compartiment pour documents,Oui
118,Etui pour téléphone portable,Oui
118,Système Easy Pass,"Le système Easy Pass permet de faire passer des câbles dans les différents compartiments du sac, gardant les appareils électroniques chargés sans avoir à les sortir."
118,Organisation flexible,Oui
118,Organisation intérieur,Oui
118,Compartiment frontal,Oui
117,Spécification,:
117,Garantie,Garantie mondiale limitée de 2 ans
117,Modèle,Sac à dos pour ordinateur
117,Couleur,Noir
117,Matière,100% Polyester
117,Dimension,45 x 33 x 21.5 cm
117,Volume,25 L
117,Poids,0.6 Kg
117,Extérieur,:
117,Catégorie,Souple
117,Serreur,Oui
117,Fermetures à glissière, Fermetures à glissière standard
117,Poignées, Poignée(s) haute(s)
117,Poches extérieures, 1 poche frontale & 1 poche latérale
117,Passant arrière pour bagage,"OUI, Passant au dos permettant de maintenir votre sac à la poigné de votre valise"
117,Bretelles,Bandoulières ergonomiques
117,Sangle de Poitrine,Oui
117,Porte-bouteille,Oui
117,Intérieur,:
117,Compartiment principal,Oui
117,Compartiment ordinateur,Oui
117,Dimensions écran,"15.6"""
117,Poche pour tablette,Oui
117,Dimension tablette,"10.5"""
117,Organisation intérieur,Oui
117,Compartiment frontal,Oui
117,Détails réfléchissants,Oui
116,Spécification,:
116,Garantie,Garantie mondiale limitée de 2 ans
116,Modèle,Sac à dos pour ordinateur
116,Couleur,Noir
116,Matière,100% Polyester
116,Dimension,45 x 33 x 21.5 cm
116,Volume,25 L
116,Poids,0.6 Kg
116,Extérieur,:
116,Catégorie,Souple
116,Serreur,Oui
116,Fermetures à glissière, Fermetures à glissière standard
116,Poignées, Poignée(s) haute(s)
116,Poches extérieures, 1 poche frontale & 1 poche latérale
116,Passant arrière pour bagage,"OUI, Passant au dos permettant de maintenir votre sac à la poigné de votre valise"
116,Bretelles,Bandoulières ergonomiques
116,Sangle de Poitrine,Oui
116,Porte-bouteille,Oui
116,Intérieur,:
116,Compartiment principal,Oui
116,Compartiment ordinateur,Oui
116,Dimensions écran,"15.6"""
116,Poche pour tablette,Oui
116,Dimension tablette,"10.1"""
116,Organisation intérieur,Oui
116,Compartiment frontal,Oui
115,Spécification,:
115,Garantie,Garantie mondiale limitée de 2 ans
115,Modèle,Sac à dos pour ordinateur
115,Couleur,Noir
115,Matière,100% Polyester
115,Dimension,44 x 30 x 20 cm
115,Volume,22.5 L
115,Poids,0.77 Kg
115,Extérieur,:
115,Catégorie,Souple
115,Serreur,Oui
115,Fermetures à glissière, Fermetures à glissière standard
115,Poignées, Poignée(s) haute(s)
115,Poches extérieures,4 poches extérieures
115,Intérieur,:
115,Compartiment ordinateur,Oui
115,Dimensions écran,"15.6"""
115,Poche pour tablette,Oui
115,Dimension tablette,"10.1"""
115,Compartiment zippé,Oui
115,Poches,5 poches intérieure et plus
115,Compartiment,2 compartiments
115,Doublure intérieure,Oui
115,Poche cordon d'alimentation,Oui
115,Poche avec doublure polaire,Oui
115,Dos et bretelles moussés,Oui
114,Spécification,:
114,Garantie,Garantie mondiale limitée de 2 ans
114,Modèle,Sac à dos pour ordinateur
114,Couleur,Gris
114,Matière,100% Polyester
114,Dimension,49.5 x 32 x 21 cm
114,Volume,25 L
114,Poids,0.7 Kg
114,Extérieur,:
114,Catégorie,Souple
114,Serreur,Oui
114,Fermetures à glissière, Fermetures à glissière standard
114,Poignées, Poignée(s) haute(s)
114,Passant arrière pour bagage,"OUI, Passant au dos permettant de maintenir votre sac à la poigné de votre valise"
114,Bretelles,Bandoulières ergonomiques
114,Porte-bouteille,Oui
114,Intérieur,:
114,Compartiment ordinateur,Oui
114,Dimensions écran,"15.6"""
114,Poche pour tablette,Oui
114,Dimension tablette,"10.1"""
114,Compartiment zippé,Oui
114,Pen loops,Oui
106,Spécification,:
106,Garantie,Garantie mondiale limitée 5 ans
106,Modèle,Pilot Case
106,Couleur,Noir
106,Matière,Nylon balistique
106,Dimension,39 x 44 x 20 cm
106,Taille,Taille cabine
106,Volume,22 L
106,Poids,3.3 Kg
106,Extérieur,:
106,Catégorie,Souple
106,Serreur,Oui
106,Fermetures à glissière,Oui
106,Poignées,Poignée(s) haute(s) & poignée(s) de portage
106,Poignée de traction,Double tube
106,Roulettes,4 roulettes
106,Types des roues, Roulettes silencieuses & multidirectionnelles
106,Poches extérieures,3 poches extérieures
106,Porte-adresse,étiquette d'identification rétractable 
106,Intérieur,:
106,Compartiment ordinateur,Oui
106,Dimensions écran,"15.6"""
106,Poche pour tablette,Oui
106,Dimension tablette,"10"""
106,Compartiment pour documents,Oui
106,Porte-clés,Porte clé fourni
106,Poches,4 poches intérieure et plus
106,Poches,1 poche téléphone portable / PDA
106,Système Easy Pass,"Le système Easy Pass permet de faire passer des câbles dans les différents compartiments du sac, gardant les appareils électroniques chargés sans avoir à les sortir."
106,Compartiment Power Bank,Oui
106,Poche pour câbles,Oui
106,Compartiment,2 compartiments
106,Renforts de protection,Oui
103,Spécification,:
103,Garantie,Garantie mondiale limitée de 2 ans
103,Modèle,Sac Ordinateur
103,Matière,100% Polyester
103,Dimension,39.6 x 27 x 4 cm
103,Taille ordinateur max,37 x 27 x 4 cm
103,Volume,8.5/11 L
103,Poids,0.45 Kg
103,Extérieur,:
103,Catégorie,Souple
103,Serreur,Oui
103,Fermetures à glissière,Oui
103,Poches extérieures,1 poche frontale
103,Intérieur,:
103,Compartiment ordinateur,Oui
103,Dimensions écran,"15.6"""
103,Compartiment pour documents,Oui
103,Poches,1 poche intérieure
27,Spécification,:
27,Modèle,Pilot Case
27,Couleur,Noir
27,Matière,1680D Ballistic Nylon and leather details on touch points
27,Dimension,33 x 46 x 20cm
27,Dimension Extensible, 33 x 46 x 25cm
27,Taille,Taille cabine
27,Taille ordinateur max,3.5 x 37.5 x 26cm (⌀ 39.6 cm)
27,Taille tablette max,1.7 x 27 x 19cm (⌀ 25.7 cm)
27,Volume,29.5/37 L
27,Poids, 2.8 kg
27,Extérieur,:
27,Catégorie,Souple
27,Fermetures à glissière,Oui
27,Poignées,Poignée(s) haute(s) & poignée(s) inférieure(s)
27,Poignée de traction,Double tube
27,Roulettes,2 roulettes
27,Types des roues, Système de roulettes intégrées
27,Poches extérieures,1 poche frontale
27,Extensible,Oui
27,Passant arrière pour bagage,"OUI, Passant au dos permettant de maintenir votre sac à la poigné de votre valise"
27,Bandoulière,Bandoulière amovible
27,Porte-adresse,étiquette d'identification rétractable 
27,Intérieur,:
27,Compartiment principal,Oui
27,Sangles,Compartiment principal
27,Compartiment ordinateur,Oui
27,Dimensions écran,"15.6"""
27,Poche pour tablette,Oui
27,Dimension tablette,"10.1"""
27,Compartiment pour documents,Oui
27,Etui pour téléphone portable,Oui
27,Porte-clés,Oui
27,Compartiment zippé,Oui
27,RFID,Les poches de protection RFID protègent vos cartes contre la fraude en plaçant un bloqueur d'onde entre l'extérieur de votre produit et son revêtement intérieur.
27,Poches,Oui
27,Système Easy Pass,"Le système Easy Pass permet de faire passer des câbles dans les différents compartiments du sac, gardant les appareils électroniques chargés sans avoir à les sortir."
27,Organisation flexible,Oui
27,Organisation intérieur,Oui
27,Compartiment Power Bank,Oui
27,Poche pour câbles,Oui
290,Garantie,3 ans
290,Modèle,Valise 2 roues
290,Matière, 100% Polypropylène
290,Serreur,Une serrure à code TSA
290,Poignée de traction,Equipée d'une poignée de traction télescopique multipositions
290,Roulettes,4 roulettes
273,Garantie,5 ans
273,Modèle,Valise 4 roues
273,Matière,100% R-PET Polyester
273,Catégorie,Souple
273,Serreur,Serreur à combinaison TSA
273,Fermetures à glissière,Oui
273,Poignées,1 poignée haute et 1 poignée latérale
273,Roulettes,4 roulettes
273,Types des roues,Roues à suspension qui absorbent les chocs et réduisent le bruit de roulement
272,Garantie,5 ans
272,Modèle,Valise 4 roues
272,Matière,100% Recyclex®
272,Serreur,Serreur à combinaison TSA
272,Fermetures à glissière,Oui
272,Roulettes,4 roulettes
272,Porte-bouteille,Oui
269,Modèle,Valise 4 roues
269,Matière, 100% Polypropylène
269,Catégorie,Rigide
269,Serreur,Serreur à combinaison TSA
269,Roulettes,4 roulettes
263,Garantie,2 ANS
263,Modèle,Valise 4 roues
263,Matière,ABS
263,Serreur,Serreur à combinaison TSA
263,Fermetures à glissière,Oui
263,Poignées, Poignée(s) haute(s)
263,Poignée de traction,Double tube
263,Roulettes,4 roulettes
263,Types des roues,Roulette multidirectionnelles
263,Logo,A l'avant
261,Garantie,5 ans
261,Modèle,Valise 4 roues
261,Matière,100% Polyester
261,Serreur,Serreur à combinaison TSA
261,Roulettes,4 roulettes
257,Modèle,Valise 4 roues
257,Couleur,Bleu
257,Matière,100% Polyester
257,Serreur,Serreur à combinaison TSA
245,Garantie,5 ANS
245,Modèle,Valise 4 roues
245,Matière,100% Nylon
245,Catégorie,Souple
245,Fermetures à glissière,Oui
245,Étiquette d'identification,Oui
243,Modèle,Valise 4 roues
243,Matière,Polycarbonate
243,Catégorie,Rigide
243,Serreur,Serreur à combinaison TSA
243,Fermetures à glissière, Fermetures à glissière standard
243,Poignées,1 poignée haute et 1 poignée latérale
243,Roulettes,4 roulettes
231,Garantie,5 ans
231,Modèle,Valise 4 roues
231,Matière,100% Polyester
231,Catégorie,Souple
231,Serreur,Une serrure à code TSA
231,Fermetures à glissière,Oui
231,Porte-adresse,Porte-adresse intégré rétractable
231,Logo,A l'avant
230,Garantie,légale
230,Matière,100% Polyester
230,Poignées,1 poignée haute et 1 poignée latérale
230,Roulettes,4 roulettes
230,Types des roues,Roues à suspension qui absorbent les chocs et réduisent le bruit de roulement
230,Logo,A l'avant
158,Spécification,:
158,Garantie,Garantie mondiale limitée de 2 ans
158,Modèle,Valise 4 roues
158,Matière,95% Nylon sergé + 5% Polyester
158,Extérieur,:
158,Catégorie,Souple
158,Serreur,Cadenas TSA fourni
158,Fermetures à glissière,"Oui, avec tirettes en silicone"
158,Poignées,1 poignée haute et 1 poignée latérale
158,Poignée de traction,Double tube
158,Roulettes,4 roulettes
158,Types des roues,Roulette multidirectionnelles
158,Poches extérieures,1 poche frontale
158,Porte-adresse,étiquette d'identification rétractable 
158,Intérieur,:
158,Compartiment principal,3 poches zippées & 1 grand compartiment principal
158,Sangles,2 sangles réglables dans le compartiment principal
283,Garantie,5 ans
283,Modèle,Valise 4 roues
283,Matière,Polycarbonate
283,Catégorie,Rigide
283,Serreur,Serreur à combinaison TSA
283,Fermetures à glissière, Fermetures à glissière standard
283,Roulettes,4 roulettes
283,Porte-adresse,étiquette d'identification rétractable 
271,Garantie,3 ans
271,Modèle,Valise 4 roues
271,Matière, 100% Polypropylène
271,Catégorie,Rigide
271,Serreur,Serreur à combinaison TSA
271,Poignée de traction,Double tube
271,Roulettes,4 roulettes
271,Logo,A l'avant
101,Fonctions Intelligentes,:
101,Port USB, Intégré - connexion facile
101,Spécification,:
101,Garantie,Garantie mondiale limitée de 5 ans
101,Modèle,Valise 4 roues
101,Matière,Extérieur: Polypropylène | Intérieur: Recycled PET plastic bottles
101,Extérieur,:
101,Catégorie,Rigide
101,Serreur,Serreur à combinaison TSA
101,Fermetures à glissière,Oui
101,Poignées,1 poignée haute et 1 poignée latérale
101,Poignée de traction,Double tube
101,Roulettes,4 roulettes
101,Types des roues,Roues à suspension qui absorbent les chocs et réduisent le bruit de roulement
101,Extensible,Oui
101,Porte-adresse,étiquette d'identification rétractable 
101,Ecoresponsable,Oui
101,Intérieur,:
101,Compartiment inférieur,Oui
101,Compartiment supérieur,Oui
101,Plateau séparateur,Dans le compartiment supérieur
101,Sangles,Dans le compartiment inférieur
101,Compartiment Power Bank,Oui
99,Spécification,:
99,Garantie,2 ans
99,Modèle,Valise 4 roues
99,Matière,ABS
99,Dimension,55 x 40 x 20cm
99,Taille,Taille cabine
99,Volume,36 L
99,Poids,2.5 Kg
99,Extérieur,:
99,Catégorie,Rigide
99,Serreur,Une serrure à code TSA
99,Fermetures à glissière,Oui
99,Poignées,Poignée(s) haute(s) & poignée(s) de portage
99,Poignée de traction,Double tube
99,Roulettes,4 roulettes
99,Types des roues, Système de roulettes intégrées
99,Intérieur,:
99,Compartiment inférieur,Oui
99,Compartiment supérieur,Oui
99,Sangles,2 sangles élastiques
99,Poches,2 poche intérieure
99,Renforts de protection,Oui
99,Doublure intérieure,Oui
247,Garantie,10 ans
247,Modèle,Valise 4 roues
247,Matière, 100% Polypropylène
247,Serreur,Serreur à combinaison TSA
247,Fermetures à glissière,Oui
247,Poignées,"Poignée(s) haute(s), poignée(s) de portage & poignée(s) inférieure(s)"
247,Poignée de traction,Double tube
247,Roulettes,4 roulettes
247,Porte-adresse,Porte-adresse intégré rétractable
97,Spécification,:
97,Garantie,2 ans
97,Modèle,Valise 4 roues
97,Matière,ABS
97,Dimension,46.5 x 33 x 22.5 cm
97,Taille,Taille cabine
97,Volume,20.5 L
97,Poids,1.7 Kg
97,Extérieur,:
97,Catégorie,Rigide
97,Serreur,Oui
97,Fermetures à glissière,Oui
97,Poignées,Poignée(s) haute(s) & poignée(s) de portage
97,Poignée de traction,Poignée de traction monotube
97,Roulettes,4 roulettes
97,Types des roues, Système de roulettes intégrées
97,Intérieur,:
97,Compartiment inférieur,Oui
97,Compartiment supérieur,Oui
97,Sangles,2 sangles élastiques
97,Doublure intérieure,Oui
229,Garantie,5 ans
229,Modèle,Valise 4 roues
229,Couleur,jaune
229,Matière,"ABS, Polycarbonate"
229,Catégorie,Rigide
229,Serreur,Une serrure à code TSA
229,Fermetures à glissière, Fermetures à glissière standard
229,Poches extérieures,1 poche frontale
229,Extensible,Oui
96,Spécification,:
96,Garantie,2 ans
96,Modèle,Valise 4 roues
96,Matière, 100% Polypropylène
96,Dimension,51 x 37 x 22 cm
96,Taille,Taille cabine
96,Volume,28 L
96,Poids,2.3 Kg
96,Extérieur,:
96,Catégorie,Rigide
96,Serreur,Oui
96,Poignées, Poignée(s) haute(s)
96,Roulettes,4 roulettes
96,Types des roues, Système de roulettes intégrées
96,Bandoulière,Bandoulière amovible
96,Intérieur,:
96,Compartiment inférieur,Oui
96,Compartiment supérieur,Oui
96,Sangles,Dans le compartiment supérieur
223,Garantie,10 ans
223,Modèle,Valise 4 roues
223,Matière,100% Recyclex®
223,Serreur,Une serrure à code TSA
223,Poignées,1 poignée haute et 1 poignée latérale
223,Poignée de traction,Double tube
223,Types des roues,Roues à suspension qui absorbent les chocs et réduisent le bruit de roulement
223,Logo,A l'avant
95,Spécification,:
95,Modèle,Valise 4 roues
95,Matière,100% Nylon
95,Extérieur,:
95,Catégorie,Souple
95,Serreur,Serreur à combinaison TSA
95,Fermetures à glissière,Oui
95,Poignées,1 poignée haute et 1 poignée latérale
95,Poignée de traction,Double tube
95,Roulettes,4 roulettes
95,Types des roues, Roulettes silencieuses & multidirectionnelles
95,Poches extérieures, 1 poche frontale & 1 poche latérale
95,Extensible,Oui
95,Ecoresponsable,Oui
95,Logo,A l'avant
95,Intérieur,:
95,Compartiment inférieur,Oui
95,Compartiment supérieur,Plateau de séparation en filet avec poche à fermeture à glissière dans le compartiment supérieur pour un rangement mieux organisé
95,Plateau séparateur," Dans le compartiment supérieur, avec poche"
95,Sangles,Dans les compartiments supérieurs & inférieurs
95,Compartiment zippé,Compartiment monnaie zippé
95,Smart Fit,Oui
220,Garantie,10 ans
220,Modèle,Valise 4 roues
220,Matière,100% Recyclex®
220,Poignées,1 poignée haute et 1 poignée latérale
220,Types des roues,Roues à suspension qui absorbent les chocs et réduisent le bruit de roulement
220,Logo,A l'avant
93,Spécification,:
93,Garantie,Garantie mondiale limitée de 10 ans
93,Modèle,Valise 4 roues
93,Matière,Polycarbonate
93,Extérieur,:
93,Catégorie,Rigide
93,Serreur,Une serrure à code TSA
93,Fermetures à glissière,Oui
93,Poignées,"Poignée(s) haute(s), poignée(s) de portage & poignée(s) inférieure(s)"
93,Poignée de traction,Double tube
93,Roulettes,4 roulettes
93,Types des roues,Roulettes silencieuses pour un plus grand confort
93,Porte-adresse,Porte-adresse intégré rétractable
93,Intérieur,:
93,Compartiment inférieur,Oui
93,Compartiment supérieur,Oui
93,Plateau séparateur,Dans les compartiments supérieurs & inférieurs
93,Sangles,Oui
218,Garantie,1 ans
218,Modèle,Valise 4 roues
218,Matière, 100% Polypropylène
218,Taille,Taille Moyenne
218,Types des roues, Roulettes silencieuses & multidirectionnelles
285,Garantie,2ANS
285,Modèle,Valise 2 roues
285,Matière,100% R-PET Polyester
285,Catégorie,Souple
285,Serreur,Serreur à combinaison TSA
285,Roulettes,2 roulettes
49,Spécification,:
49,Garantie,Garantie mondiale limitée de 5 ans
49,Modèle,Valise 4 roues
49,Matière,100% Polyester
49,Extérieur,:
49,Catégorie,Souple
49,Serreur,Serreur à combinaison TSA
49,Fermetures à glissière,Oui
49,Poignées,"Poignée(s) haute(s), poignée(s) de portage & poignée(s) inférieure(s)"
49,Poignée de traction,Double tube
49,Roulettes,4 roulettes
49,Types des roues, Roulettes silencieuses & multidirectionnelles
49,Poches extérieures,1 poche frontale
49,Intérieur,:
49,Compartiment inférieur,Oui
49,Compartiment supérieur,Oui
49,Sangles,Dans les compartiments supérieurs & inférieurs
255,Modèle,Valise 4 roues
255,Couleur,Noir
255,Matière,100% Polyester
255,Serreur,Serreur à combinaison TSA
65,Spécification,:
65,Garantie,3 ans
65,Modèle,Valise 4 roues
65,Matière, 100% Polypropylène
65,Extérieur,:
65,Catégorie,Rigide
65,Serreur,Une serrure à code TSA
65,Fermetures à glissière,Oui
65,Poignées,Poignée(s) haute(s) & poignée(s) de portage
65,Poignée de traction,Double tube
65,Roulettes,4 roulettes
65,Types des roues, Roulettes silencieuses & multidirectionnelles
65,Intérieur,:
65,Compartiment inférieur,Oui
65,Compartiment supérieur,Oui
65,Plateau séparateur," Dans le compartiment supérieur, avec poche"
65,Sangles,4 sangles élastiques
65,Poches,1 poche intérieure
65,Renforts de protection,Oui
65,Doublure intérieure,Oui
30,Spécification,:
30,Modèle,Valise 4 roues
30,Matière,"Curv, Polypropylène tissé"
30,Extérieur,:
30,Catégorie,Rigide
30,Serreur,Une serrure à code TSA
30,Fermetures à glissière,Oui
30,Poignées,1 poignée haute et 1 poignée latérale
30,Poignée de traction,Poignée de traction monotube
30,Roulettes,4 roulettes
30,Types des roues, Roulettes silencieuses & multidirectionnelles
30,Intérieur,:
30,Compartiment inférieur,Oui
30,Compartiment supérieur,Oui
30,Plateau séparateur," Dans le compartiment supérieur, avec poche"
30,Sangles,Dans le compartiment inférieur
25,Spécification,:
25,Modèle,Valise 4 roues
25,Matière,Extérieur: Polypropylène | Intérieur: Recycled PET plastic bottles
25,Extérieur,:
25,Catégorie,Rigide
25,Serreur,Cadenas TSA à clé
25,Poignées,"Poignée(s) haute(s), poignée(s) de portage & poignée(s) inférieure(s)"
25,Poignée de traction,Double tube
25,Roulettes,4 roulettes
25,Types des roues,Roulettes silencieuses pour un plus grand confort
25,Porte-adresse,étiquette d'identification rétractable 
25,Ecoresponsable,Oui
25,Intérieur,:
25,Compartiment inférieur,Oui
25,Compartiment supérieur,Oui
25,Plateau séparateur,Dans les compartiments supérieurs & inférieurs
26,Spécification,:
26,Modèle,Valise 4 roues
26,Matière,100% Polyester
26,Extérieur,:
26,Catégorie,Souple
26,Serreur,Serreur à combinaison TSA
26,Fermetures à glissière, Fermetures à glissière standard
26,Poignées,1 poignée haute et 1 poignée latérale
26,Poignée de traction,Double tube
26,Roulettes,4 roulettes
26,Poches extérieures,1 poche frontale
26,Extensible,Oui
26,Porte-adresse,étiquette d'identification rétractable 
26,Ecoresponsable,Oui
26,Intérieur,:
26,Compartiment inférieur,Oui
26,Compartiment supérieur,Oui
26,Sangles,Dans les compartiments supérieurs & inférieurs
28,Spécification,:
28,Modèle,Valise 4 roues
28,Couleur,Bleu
28,Matière,Extérieur: Polypropylène | Intérieur: Recycled PET plastic bottles
28,Extérieur,:
28,Catégorie,Rigide
28,Serreur,Cadenas TSA à clé
28,Poignées,1 poignée haute et 1 poignée latérale
28,Roulettes,4 roulettes
28,Types des roues,Roulettes silencieuses pour un plus grand confort
28,Ecoresponsable,Oui
28,Intérieur,:
28,Compartiment inférieur,Oui
28,Compartiment supérieur,Oui
28,Plateau séparateur,Dans les compartiments supérieurs & inférieurs
294,Modèle,Portefeuille
294,Couleur,Noir
294,Matière,100% Cuir
294,Catégorie,Souple
294,Logo,A l'avant
294,RFID,Les poches de protection RFID protègent vos cartes contre la fraude en plaçant un bloqueur d'onde entre l'extérieur de votre produit et son revêtement intérieur.
293,Modèle,Portefeuille
293,Matière,100% Cuir
293,Logo,A l'avant
293,RFID,Les poches de protection RFID protègent vos cartes contre la fraude en plaçant un bloqueur d'onde entre l'extérieur de votre produit et son revêtement intérieur.
268,Modèle,BEAUTY CASE
268,Matière,"ABS, Polycarbonate"
268,Volume,20 L
268,Catégorie,Rigide
239,Garantie,garantie légale
239,Modèle,Portefeuille
239,Couleur,Noir
239,Matière,100% Cuir
239,Catégorie,Souple
239,RFID,Les poches de protection RFID protègent vos cartes contre la fraude en plaçant un bloqueur d'onde entre l'extérieur de votre produit et son revêtement intérieur.
239,Compartiment billets,2 compartiments billets
239,Porte-carte de crédit,6 porte-cartes de crédit
239,Compartiment,2 compartiments
238,Garantie,garantie légale
238,Modèle,Portefeuille
238,Couleur,Noir
238,Matière,100% Cuir
238,Dimension,8.5 x 10.5 x 1.5 cm
238,Catégorie,Souple
238,RFID,Les poches de protection RFID protègent vos cartes contre la fraude en plaçant un bloqueur d'onde entre l'extérieur de votre produit et son revêtement intérieur.
238,Compartiment billets,2 compartiments billets
238,Porte-carte de crédit,6 porte-cartes de crédit
238,Compartiment,2 compartiments
238,Compartiment monnaie,Oui
236,Garantie,garantie légale
236,Couleur,Noir
236,Matière, 100% Cuir de vachette
236,Dimension,8.8 x 10.5 x 1.5 cm
236,Catégorie,Souple
236,RFID,Les poches de protection RFID protègent vos cartes contre la fraude en plaçant un bloqueur d'onde entre l'extérieur de votre produit et son revêtement intérieur.
236,Compartiment billets,2 compartements
159,Spécification,:
159,Garantie,Garantie légale
159,Modèle,Accessoire de voyage - Housse de protection
159,Matière,Autres Matériaux
159,Extérieur,:
159,Catégorie,Souple
159,Fermetures à glissière,Oui
159,Pochette incluse,Oui
113,Spécification,:
113,Garantie,Garantie mondiale limitée de 2 ans
113,Modèle,Portefeuille
113,Couleur,Ebony Brown
113,Matière, 100% Cuir de vachette
113,Dimension, 10.6 x 9.5 x 1 cm
113,Poids,0.1 Kg
113,Extérieur,:
113,Catégorie,Souple
113,Intérieur,:
113,Compartiment billets,2 compartiments billets
113,Porte-carte de crédit,5 Credit card slots
113,Compartiment,2 compartiments
113,Fenêtre, 1 fenêtre
113,Compartiment monnaie,Oui
112,Spécification,:
112,Garantie,Garantie mondiale limitée de 2 ans
112,Modèle,Portefeuille
112,Couleur,Noir
112,Dimension,12.5 x 9.6 x 1 cm
112,Extérieur,:
112,Catégorie,Souple
112,Intérieur,:
112,Compartiment billets,2 compartiments billets
112,Porte-carte de crédit,6 porte-cartes de crédit
112,Compartiment,4 compartiments
112,Fenêtre,2 fenêtres
109,Spécification,:
109,Modèle,Accessoire de voyage - Housse de protection
109,Matière,Polyester/Lycra
109,Dimension,69 x 46 x 1 cm
109,Poids,0.2 Kg
92,Spécification,:
92,Garantie,Garantie mondiale limitée de 2 ans
92,Modèle,Accessoire de voyage - Sangle à code
92,Matière,"ABS, Polyester"
92,Dimension,18 x 5 x 0.2 cm
92,Poids,0.17 Kg
92,Catégorie,Souple
92,Serreur,Serreur à combinaison TSA
91,Spécification,:
91,Garantie,Garantie mondiale limitée de 2 ans
91,Modèle,Parapluie
91,Matière,Light Poly Pongee
91,Dimension,↔ 22.5cm | ⌀ 88.5 cm
91,Poids,0.16 Kg
91,Extérieur,:
91,Catégorie,Souple
91,Matériau de la tige,Steel
91,Nombre de baleines,6
91,Ouverture,Manuelle
91,Couleur de la poignée,Argent
91,Couleur de la tige,Argent
91,Teflon,Oui
91,Wind Protection,Oui
91,Matériau de la poignée,Steel
89,Spécification,:
89,Modèle,Portefeuille
89,Couleur,Marron
89,Matière,Cuir véritable
89,Dimension,9.7 x 13 x 1 cm
89,Poids,0.122 Kg
89,Catégorie,Souple
88,Spécification,:
88,Garantie,Garantie mondiale limitée de 2 ans
88,Modèle,Accessoire de voyage - Kit de voyage
88,Couleur,Noir
88,Matière,Autres Matériaux
88,Catégorie,Souple
82,Spécification,:
82,Modèle,Accessoire de voyage - Masque
82,Couleur,Vert Militaire
82,Matière,Polyester
82,Poids,0.81 Kg
80,Spécification,:
80,Modèle,Accessoire de voyage - Cadenas à code TSA
80,Matière,Alliage de zinc
80,Dimension,7 x 3 x 1 cm
80,Poids,0.07 Kg
79,Spécification,:
79,Modèle,Accessoire de voyage - Cadenas à code
79,Matière,"Métal, Zinc"
79,Dimension,7 x 3 x 1 cm
79,Poids,0.05 Kg
78,Spécification,:
78,Modèle,Accessoire de voyage - Cadenas
78,Couleur,Noir
78,Matière,Alliage de zinc
78,Dimension,4.5 x 2.7 x 1.2 cm
78,Poids,0.1 Kg
75,Spécification,:
75,Modèle,Parapluie
75,Couleur,Tomate
75,Matière,"100% poly pongée, revêtement Teflon"
75,Dimension,↔ 26cm | ⌀ 91 cm
75,Poids,0.23 kg
75,Nombre de baleines,6
75,Ouverture,Ouverture et fermeture automatique
75,Couleur de la poignée,Argent
75,Couleur de la tige,Argent
75,Teflon,Oui
75,Wind Protection,Oui
29,Spécification,:
29,Modèle,Housse de protection
29,Matière,Polyester
29,Dimension,72 x 57 x 30cm
29,Taille,"Taille Large (Grand), Extensible"
29,Poids,0.15 kg
152,Spécification,:
152,Garantie,Garantie mondiale limitée de 2 ans
152,Modèle,Sac à dos
152,Matière,100% Polyester
152,Dimension,42.5 x 29 x 19 cm
152,Volume,19.5 L
152,Poids,0.4 Kg
152,Extérieur,:
152,Catégorie,Souple
152,Fermetures à glissière,Oui
152,Poignées, Poignée(s) haute(s)
152,Poches extérieures,1 poche frontale
152,Bretelles,Bandoulières ergonomiques
152,Porte-bouteille,Oui
152,Intérieur,:
152,Compartiment principal,Oui
152,Pen loops,Oui
149,Spécification,:
149,Garantie,2 ans
149,Modèle,Sac à dos
149,Matière,Polyester
149,Dimension,31.5 x 24 x 14.5 cm
149,Volume,11 L
149,Poids,0.4 Kg
149,Extérieur,:
149,Catégorie,Souple
149,Fermetures à glissière,Oui
146,Spécification,:
146,Garantie,2 ans
146,Modèle,Sac à dos
146,Matière,Polyester
146,Dimension,46 x 33.5 x 22 cm
146,Volume,19 L
146,Poids,1.3 Kg
146,Extérieur,:
146,Catégorie,Souple
146,Fermeture,Avec attaches
146,Poches extérieures,4 poches extérieures
146,Bretelles,Ajustables matelassées
146,Sangle de Poitrine,Oui
146,Intérieur,:
146,Compartiment,2 compartiments
146,Doublure intérieure,Oui
146,Ceinture,Ajustable
146,Poches intérieures,3 poches intérieures
146,Dos rembourré et microaéré,Oui
146,Bandes réfléchissantes,Oui
111,Spécification,:
111,Garantie,Garantie mondiale limitée de 2 ans
111,Modèle,Cartable
111,Matière,100% Polyester
111,Dimension,33 x 40 x 17 cm
111,Taille,Taille Moyenne
111,Volume,15 L
111,Poids,1 Kg
111,Extérieur,:
111,Catégorie,Souple
111,Poignées, Poignée(s) haute(s)
111,Poches extérieures,1 poche frontale
111,Bretelles,Réglables
111,Sangle de Poitrine,Removable sternum strap
111,Porte-adresse,étiquette d'identification rétractable 
111,Intérieur,:
111,Compartiment principal,Oui
111,Porte-clés,Key ring
111,Compartiment,2 compartiments
102,Spécification,:
102,Garantie,Garantie mondiale limitée de 2 ans
102,Modèle,Sac à dos
102,Matière,100% R-PET Polyester
102,Extérieur,:
102,Catégorie,Souple
102,Fermetures à glissière,Oui
102,Poignées, Poignée(s) haute(s)
102,Bretelles,Bandoulières ergonomiques
102,Sangle de Poitrine,Oui
102,Porte-adresse,étiquette d'identification rétractable 
102,Ecoresponsable,Oui
102,Intérieur,:
102,Compartiment principal,Oui
279,Modèle,Sac à dos
279,Matière,100% R-PET Polyester
279,Catégorie,Souple
279,Fermetures à glissière, Fermetures à glissière standard
279,Porte-bouteille,Oui
244,Garantie,légale
244,Modèle,Sac à dos
228,Garantie,Garantie légale
228,Modèle,Sacs porté croisé
228,Couleur,Noir
228,Dimension,25 x 21.5 x 7.5 cm
228,Volume,4.5l
228,Poids,0.2 Kg
228,Catégorie,Souple
228,Fermetures à glissière,Oui
228,Poches extérieures,1 poche frontale
228,Bandoulière,Ajustable
228,Compartiment principal,Oui
228,Poche pour tablette,Oui
226,Garantie,Garantie légale
226,Modèle,Sacs porté croisé
226,Couleur,Noir
226,Poids,0.3 Kg
226,Catégorie,Souple
226,Fermetures à glissière,Oui
226,Poches extérieures, 1 poche frontale & 1 poche latérale
226,Bandoulière,Ajustable
226,Logo,A l'avant
226,Poche pour tablette,Oui
167,Spécification,:
167,Garantie,Garantie mondiale limitée de 2 ans
167,Modèle,Sac Ordinateur
167,Matière,100% Polyester
167,Dimension,45 x 30.5 x 23 cm
167,Taille ordinateur max,37.5 x 26 x 3.5 cm (⌀ 39.6 cm)
167,Volume,25 L
167,Poids,0.5 Kg
167,Extérieur,:
167,Catégorie,Souple
167,Fermetures à glissière, Fermetures à glissière standard
167,Poignées, Poignée(s) haute(s)
167,Poches extérieures, 1 poche frontale & 1 poche latérale
167,Bretelles,Bandoulières ergonomiques
167,Porte-bouteille,Oui
167,Boutons de protection,Oui
167,Sangles de compression,Oui
167,Intérieur,:
167,Compartiment principal,Oui
167,Compartiment ordinateur,Oui
167,Dimensions écran,"15.6"""
167,Compartiment pour documents,Oui
167,Pen loops,Oui
154,Spécification,:
154,Garantie,Garantie mondiale limitée de 2 ans
154,Modèle,Sac à dos
154,Matière,100% Polyester
154,Dimension,43 x 28 x 23 cm
154,Volume,20 L
154,Poids,0.4 Kg
154,Extérieur,:
154,Catégorie,Souple
154,Fermetures à glissière,Oui
154,Poignées, Poignée(s) haute(s)
154,Poches extérieures,1 poche extérieure
154,Bretelles,Bandoulières ergonomiques
154,Porte-bouteille,Oui
154,Intérieur,:
154,Compartiment principal,Oui
153,Spécification,:
153,Garantie,Garantie mondiale limitée de 2 ans
153,Modèle,Sac à dos
153,Matière,Fabriqué à partir de polyester rPet avec 10 bouteilles en PET recyclées utilisant la technologie du matériau Recyclex™
153,Dimension,40 x 27.5 x 20.5 cm
153,Volume,23 L
153,Poids,0.39 Kg
153,Extérieur,:
153,Catégorie,Souple
153,Fermetures à glissière, Fermetures à glissière standard
153,Poignées, Poignée(s) haute(s)
153,Poches extérieures, 1 poche frontale & 1 poche latérale
153,Bretelles,Bandoulières ergonomiques
153,Bandoulière,Bandoulière matelassée
153,Sangle de Poitrine,Oui
153,Porte-bouteille,Oui
153,Intérieur,:
153,Compartiment principal,Oui
153,Compartiment pour documents,Oui
125,Spécification,:
125,Garantie,Garantie mondiale limitée de 2 ans
125,Modèle,Sac de voyage
125,Matière,100% Polyester
125,Dimension,32 x 52.5 x 30 cm
125,Taille,Taille cabine
125,Volume,50.5 L
125,Poids,0.6 Kg
125,Extérieur,:
125,Catégorie,Souple
125,Fermetures à glissière,Oui
125,Poches extérieures,1 poche frontale & 2 poches latérales
125,Passant arrière pour bagage,Oui
125,Bandoulière,Bretelles rembourrées en cuir réglables
125,Intérieur,:
125,Compartiment principal,Compartiment principal avec poche intérieure
125,Organisation intérieur,Oui
125,Sac pour chaussures/linge,Poche à chaussures
125,Poches intérieures,2 poches latérales
163,Spécification,:
163,Garantie,Garantie mondiale limitée de 2 ans
163,Modèle,Sac Ordinateur
163,Matière,100% Polyester
163,Dimension,52.5 x 33.5 x 23.5 cm
163,Taille ordinateur max,42 x 28 x 4.5 cm (⌀ 43.9 cm)
163,Taille tablette max,24 x 17.6  x 0.8 cm (⌀ 25.7 cm
163,Volume,34 L
163,Poids,0.7 Kg
163,Extérieur,:
163,Catégorie,Souple
163,Fermetures à glissière, Fermetures à glissière standard
163,Poignées, Poignée(s) haute(s)
163,Poches extérieures,1 poche frontale
163,Passant arrière pour bagage,Oui
163,Bretelles,Bandoulières ergonomiques
163,Porte-bouteille,Oui
163,Intérieur,:
163,Compartiment principal,Oui
163,Compartiment ordinateur,Oui
163,Dimensions écran,"17.3"""
163,Poche pour tablette,Oui
163,Dimension tablette,"10.1"""
163,Compartiment frontal,Oui
