product_id,position,image_url
288,1,https://samsonite.com.tn/4862-large_default/boss-alu.jpg
288,2,https://samsonite.com.tn/4863-large_default/boss-alu.jpg
288,3,https://samsonite.com.tn/4864-large_default/boss-alu.jpg
288,4,https://samsonite.com.tn/4865-large_default/boss-alu.jpg
288,5,https://samsonite.com.tn/4866-large_default/boss-alu.jpg
277,1,https://samsonite.com.tn/4716-large_default/pilot-case-pro-dlx-5-156.jpg
277,2,https://samsonite.com.tn/4717-large_default/pilot-case-pro-dlx-5-156.jpg
277,3,https://samsonite.com.tn/4718-large_default/pilot-case-pro-dlx-5-156.jpg
277,4,https://samsonite.com.tn/4719-large_default/pilot-case-pro-dlx-5-156.jpg
277,5,https://samsonite.com.tn/4720-large_default/pilot-case-pro-dlx-5-156.jpg
277,6,https://samsonite.com.tn/4721-large_default/pilot-case-pro-dlx-5-156.jpg
277,7,https://samsonite.com.tn/4722-large_default/pilot-case-pro-dlx-5-156.jpg
277,8,https://samsonite.com.tn/4723-large_default/pilot-case-pro-dlx-5-156.jpg
277,9,https://samsonite.com.tn/4724-large_default/pilot-case-pro-dlx-5-156.jpg
277,10,https://samsonite.com.tn/4725-large_default/pilot-case-pro-dlx-5-156.jpg
277,11,https://samsonite.com.tn/4726-large_default/pilot-case-pro-dlx-5-156.jpg
277,12,https://samsonite.com.tn/4727-large_default/pilot-case-pro-dlx-5-156.jpg
277,13,https://samsonite.com.tn/4728-large_default/pilot-case-pro-dlx-5-156.jpg
277,14,https://samsonite.com.tn/4729-large_default/pilot-case-pro-dlx-5-156.jpg
277,15,https://samsonite.com.tn/4730-large_default/pilot-case-pro-dlx-5-156.jpg
277,16,https://samsonite.com.tn/4731-large_default/pilot-case-pro-dlx-5-156.jpg
277,17,https://samsonite.com.tn/4732-large_default/pilot-case-pro-dlx-5-156.jpg
277,18,https://samsonite.com.tn/4733-large_default/pilot-case-pro-dlx-5-156.jpg
259,1,https://samsonite.com.tn/4487-large_default/pilote-case-pro-dlx-6-156.jpg
259,2,https://samsonite.com.tn/4488-large_default/pilote-case-pro-dlx-6-156.jpg
259,3,https://samsonite.com.tn/4489-large_default/pilote-case-pro-dlx-6-156.jpg
259,4,https://samsonite.com.tn/4490-large_default/pilote-case-pro-dlx-6-156.jpg
164,1,https://samsonite.com.tn/4350-large_default/urban-groova-ug12-sac-ordinateur-156.jpg
164,2,https://samsonite.com.tn/4352-large_default/urban-groova-ug12-sac-ordinateur-156.jpg
164,3,https://samsonite.com.tn/4353-large_default/urban-groova-ug12-sac-ordinateur-156.jpg
164,4,https://samsonite.com.tn/4354-large_default/urban-groova-ug12-sac-ordinateur-156.jpg
164,5,https://samsonite.com.tn/4355-large_default/urban-groova-ug12-sac-ordinateur-156.jpg
124,1,https://samsonite.com.tn/2601-large_default/hip-square-tablet-crossover-m-79.jpg
124,2,https://samsonite.com.tn/2602-large_default/hip-square-tablet-crossover-m-79.jpg
124,3,https://samsonite.com.tn/2603-large_default/hip-square-tablet-crossover-m-79.jpg
124,4,https://samsonite.com.tn/2604-large_default/hip-square-tablet-crossover-m-79.jpg
124,5,https://samsonite.com.tn/2605-large_default/hip-square-tablet-crossover-m-79.jpg
123,1,https://samsonite.com.tn/4969-large_default/at-work-sac-ordinateur-176.jpg
166,1,https://samsonite.com.tn/4330-large_default/urban-groove-ug4-sac-ordinateur-156.jpg
166,2,https://samsonite.com.tn/4331-large_default/urban-groove-ug4-sac-ordinateur-156.jpg
166,3,https://samsonite.com.tn/4332-large_default/urban-groove-ug4-sac-ordinateur-156.jpg
166,4,https://samsonite.com.tn/4333-large_default/urban-groove-ug4-sac-ordinateur-156.jpg
119,1,https://samsonite.com.tn/4315-large_default/roader-sac-ordinateur-173.jpg
119,2,https://samsonite.com.tn/4316-large_default/roader-sac-ordinateur-173.jpg
119,3,https://samsonite.com.tn/4317-large_default/roader-sac-ordinateur-173.jpg
119,4,https://samsonite.com.tn/4318-large_default/roader-sac-ordinateur-173.jpg
118,1,https://samsonite.com.tn/2543-large_default/guardit-classy-156.jpg
118,2,https://samsonite.com.tn/2544-large_default/guardit-classy-156.jpg
118,3,https://samsonite.com.tn/2545-large_default/guardit-classy-156.jpg
118,4,https://samsonite.com.tn/2546-large_default/guardit-classy-156.jpg
118,5,https://samsonite.com.tn/2547-large_default/guardit-classy-156.jpg
118,6,https://samsonite.com.tn/2548-large_default/guardit-classy-156.jpg
118,7,https://samsonite.com.tn/2549-large_default/guardit-classy-156.jpg
118,8,https://samsonite.com.tn/2550-large_default/guardit-classy-156.jpg
118,9,https://samsonite.com.tn/2551-large_default/guardit-classy-156.jpg
118,10,https://samsonite.com.tn/2552-large_default/guardit-classy-156.jpg
118,11,https://samsonite.com.tn/2553-large_default/guardit-classy-156.jpg
118,12,https://samsonite.com.tn/2554-large_default/guardit-classy-156.jpg
118,13,https://samsonite.com.tn/2555-large_default/guardit-classy-156.jpg
118,14,https://samsonite.com.tn/2556-large_default/guardit-classy-156.jpg
118,15,https://samsonite.com.tn/2557-large_default/guardit-classy-156.jpg
117,1,https://samsonite.com.tn/4830-large_default/at-work-sac-ordinateur-156.jpg
117,2,https://samsonite.com.tn/4831-large_default/at-work-sac-ordinateur-156.jpg
117,3,https://samsonite.com.tn/4832-large_default/at-work-sac-ordinateur-156.jpg
117,4,https://samsonite.com.tn/4833-large_default/at-work-sac-ordinateur-156.jpg
117,5,https://samsonite.com.tn/4834-large_default/at-work-sac-ordinateur-156.jpg
117,6,https://samsonite.com.tn/4835-large_default/at-work-sac-ordinateur-156.jpg
117,7,https://samsonite.com.tn/4836-large_default/at-work-sac-ordinateur-156.jpg
116,1,https://samsonite.com.tn/2523-large_default/at-work-sac-ordinateur-156.jpg
116,2,https://samsonite.com.tn/2524-large_default/at-work-sac-ordinateur-156.jpg
116,3,https://samsonite.com.tn/2525-large_default/at-work-sac-ordinateur-156.jpg
116,4,https://samsonite.com.tn/2526-large_default/at-work-sac-ordinateur-156.jpg
116,5,https://samsonite.com.tn/2527-large_default/at-work-sac-ordinateur-156.jpg
116,6,https://samsonite.com.tn/2528-large_default/at-work-sac-ordinateur-156.jpg
116,7,https://samsonite.com.tn/2529-large_default/at-work-sac-ordinateur-156.jpg
116,8,https://samsonite.com.tn/2530-large_default/at-work-sac-ordinateur-156.jpg
116,9,https://samsonite.com.tn/2531-large_default/at-work-sac-ordinateur-156.jpg
116,10,https://samsonite.com.tn/2532-large_default/at-work-sac-ordinateur-156.jpg
115,1,https://samsonite.com.tn/2509-large_default/guardit-20-156.jpg
115,2,https://samsonite.com.tn/2510-large_default/guardit-20-156.jpg
115,3,https://samsonite.com.tn/2511-large_default/guardit-20-156.jpg
115,4,https://samsonite.com.tn/2512-large_default/guardit-20-156.jpg
115,5,https://samsonite.com.tn/2513-large_default/guardit-20-156.jpg
115,6,https://samsonite.com.tn/2514-large_default/guardit-20-156.jpg
115,7,https://samsonite.com.tn/2515-large_default/guardit-20-156.jpg
115,8,https://samsonite.com.tn/2516-large_default/guardit-20-156.jpg
115,9,https://samsonite.com.tn/2517-large_default/guardit-20-156.jpg
115,10,https://samsonite.com.tn/2518-large_default/guardit-20-156.jpg
115,11,https://samsonite.com.tn/2519-large_default/guardit-20-156.jpg
115,12,https://samsonite.com.tn/2520-large_default/guardit-20-156.jpg
115,13,https://samsonite.com.tn/2521-large_default/guardit-20-156.jpg
115,14,https://samsonite.com.tn/2522-large_default/guardit-20-156.jpg
114,1,https://samsonite.com.tn/4361-large_default/at-work-sac-ordinateur-156.jpg
114,2,https://samsonite.com.tn/4362-large_default/at-work-sac-ordinateur-156.jpg
114,3,https://samsonite.com.tn/4363-large_default/at-work-sac-ordinateur-156.jpg
114,4,https://samsonite.com.tn/4364-large_default/at-work-sac-ordinateur-156.jpg
114,5,https://samsonite.com.tn/4365-large_default/at-work-sac-ordinateur-156.jpg
106,1,https://samsonite.com.tn/2360-large_default/pilot-case-pro-dlx-5-156.jpg
106,2,https://samsonite.com.tn/2361-large_default/pilot-case-pro-dlx-5-156.jpg
106,3,https://samsonite.com.tn/2362-large_default/pilot-case-pro-dlx-5-156.jpg
106,4,https://samsonite.com.tn/2363-large_default/pilot-case-pro-dlx-5-156.jpg
106,5,https://samsonite.com.tn/2364-large_default/pilot-case-pro-dlx-5-156.jpg
106,6,https://samsonite.com.tn/2365-large_default/pilot-case-pro-dlx-5-156.jpg
106,7,https://samsonite.com.tn/2366-large_default/pilot-case-pro-dlx-5-156.jpg
106,8,https://samsonite.com.tn/2367-large_default/pilot-case-pro-dlx-5-156.jpg
106,9,https://samsonite.com.tn/2368-large_default/pilot-case-pro-dlx-5-156.jpg
106,10,https://samsonite.com.tn/2369-large_default/pilot-case-pro-dlx-5-156.jpg
106,11,https://samsonite.com.tn/2370-large_default/pilot-case-pro-dlx-5-156.jpg
106,12,https://samsonite.com.tn/2371-large_default/pilot-case-pro-dlx-5-156.jpg
106,13,https://samsonite.com.tn/2372-large_default/pilot-case-pro-dlx-5-156.jpg
106,14,https://samsonite.com.tn/2373-large_default/pilot-case-pro-dlx-5-156.jpg
106,15,https://samsonite.com.tn/2374-large_default/pilot-case-pro-dlx-5-156.jpg
106,16,https://samsonite.com.tn/2375-large_default/pilot-case-pro-dlx-5-156.jpg
106,17,https://samsonite.com.tn/2376-large_default/pilot-case-pro-dlx-5-156.jpg
106,18,https://samsonite.com.tn/2377-large_default/pilot-case-pro-dlx-5-156.jpg
199,1,https://samsonite.com.tn/3998-large_default/pro-dlx-5-spinner-55cm-pro.jpg
199,2,https://samsonite.com.tn/3999-large_default/pro-dlx-5-spinner-55cm-pro.jpg
199,3,https://samsonite.com.tn/4000-large_default/pro-dlx-5-spinner-55cm-pro.jpg
199,4,https://samsonite.com.tn/4002-large_default/pro-dlx-5-spinner-55cm-pro.jpg
103,1,https://samsonite.com.tn/2316-large_default/urbnation-laptop-exp-fuchsia.jpg
103,2,https://samsonite.com.tn/2317-large_default/urbnation-laptop-exp-fuchsia.jpg
103,3,https://samsonite.com.tn/2318-large_default/urbnation-laptop-exp-fuchsia.jpg
103,4,https://samsonite.com.tn/2319-large_default/urbnation-laptop-exp-fuchsia.jpg
27,1,https://samsonite.com.tn/231-large_default/pilot-case-pro-dlx-5-156.jpg
27,2,https://samsonite.com.tn/232-large_default/pilot-case-pro-dlx-5-156.jpg
27,3,https://samsonite.com.tn/233-large_default/pilot-case-pro-dlx-5-156.jpg
27,4,https://samsonite.com.tn/234-large_default/pilot-case-pro-dlx-5-156.jpg
27,5,https://samsonite.com.tn/235-large_default/pilot-case-pro-dlx-5-156.jpg
27,6,https://samsonite.com.tn/236-large_default/pilot-case-pro-dlx-5-156.jpg
27,7,https://samsonite.com.tn/237-large_default/pilot-case-pro-dlx-5-156.jpg
27,8,https://samsonite.com.tn/238-large_default/pilot-case-pro-dlx-5-156.jpg
27,9,https://samsonite.com.tn/239-large_default/pilot-case-pro-dlx-5-156.jpg
27,10,https://samsonite.com.tn/240-large_default/pilot-case-pro-dlx-5-156.jpg
27,11,https://samsonite.com.tn/241-large_default/pilot-case-pro-dlx-5-156.jpg
27,12,https://samsonite.com.tn/242-large_default/pilot-case-pro-dlx-5-156.jpg
27,13,https://samsonite.com.tn/244-large_default/pilot-case-pro-dlx-5-156.jpg
27,14,https://samsonite.com.tn/245-large_default/pilot-case-pro-dlx-5-156.jpg
27,15,https://samsonite.com.tn/243-large_default/pilot-case-pro-dlx-5-156.jpg
27,16,https://samsonite.com.tn/230-large_default/pilot-case-pro-dlx-5-156.jpg
27,17,https://samsonite.com.tn/246-large_default/pilot-case-pro-dlx-5-156.jpg
27,18,https://samsonite.com.tn/229-large_default/pilot-case-pro-dlx-5-156.jpg
290,1,https://samsonite.com.tn/4910-large_default/dashpop-disney-.jpg
290,2,https://samsonite.com.tn/4912-large_default/dashpop-disney-.jpg
290,3,https://samsonite.com.tn/4913-large_default/dashpop-disney-.jpg
290,4,https://samsonite.com.tn/4914-large_default/dashpop-disney-.jpg
290,5,https://samsonite.com.tn/4916-large_default/dashpop-disney-.jpg
290,6,https://samsonite.com.tn/4917-large_default/dashpop-disney-.jpg
290,7,https://samsonite.com.tn/4918-large_default/dashpop-disney-.jpg
290,8,https://samsonite.com.tn/4920-large_default/dashpop-disney-.jpg
290,9,https://samsonite.com.tn/4921-large_default/dashpop-disney-.jpg
290,10,https://samsonite.com.tn/4922-large_default/dashpop-disney-.jpg
290,11,https://samsonite.com.tn/4923-large_default/dashpop-disney-.jpg
290,12,https://samsonite.com.tn/4924-large_default/dashpop-disney-.jpg
290,13,https://samsonite.com.tn/4925-large_default/dashpop-disney-.jpg
290,14,https://samsonite.com.tn/4926-large_default/dashpop-disney-.jpg
290,15,https://samsonite.com.tn/4927-large_default/dashpop-disney-.jpg
290,16,https://samsonite.com.tn/4928-large_default/dashpop-disney-.jpg
290,17,https://samsonite.com.tn/4930-large_default/dashpop-disney-.jpg
290,18,https://samsonite.com.tn/4931-large_default/dashpop-disney-.jpg
290,19,https://samsonite.com.tn/4932-large_default/dashpop-disney-.jpg
290,20,https://samsonite.com.tn/4933-large_default/dashpop-disney-.jpg
290,21,https://samsonite.com.tn/4934-large_default/dashpop-disney-.jpg
273,1,https://samsonite.com.tn/4655-large_default/biz2go-trvl-spinner.jpg
273,2,https://samsonite.com.tn/4656-large_default/biz2go-trvl-spinner.jpg
273,3,https://samsonite.com.tn/4657-large_default/biz2go-trvl-spinner.jpg
273,4,https://samsonite.com.tn/4658-large_default/biz2go-trvl-spinner.jpg
273,5,https://samsonite.com.tn/4659-large_default/biz2go-trvl-spinner.jpg
272,1,https://samsonite.com.tn/4628-large_default/urbify-spinner.jpg
272,2,https://samsonite.com.tn/4629-large_default/urbify-spinner.jpg
272,3,https://samsonite.com.tn/4630-large_default/urbify-spinner.jpg
272,4,https://samsonite.com.tn/4631-large_default/urbify-spinner.jpg
272,5,https://samsonite.com.tn/4632-large_default/urbify-spinner.jpg
269,1,https://samsonite.com.tn/4535-large_default/summer-hit-spiner.jpg
269,2,https://samsonite.com.tn/4536-large_default/summer-hit-spiner.jpg
269,3,https://samsonite.com.tn/4537-large_default/summer-hit-spiner.jpg
269,4,https://samsonite.com.tn/4538-large_default/summer-hit-spiner.jpg
263,1,https://samsonite.com.tn/4510-large_default/high-turn-spinner.jpg
263,2,https://samsonite.com.tn/4511-large_default/high-turn-spinner.jpg
263,3,https://samsonite.com.tn/4512-large_default/high-turn-spinner.jpg
263,4,https://samsonite.com.tn/4513-large_default/high-turn-spinner.jpg
263,5,https://samsonite.com.tn/4514-large_default/high-turn-spinner.jpg
261,1,https://samsonite.com.tn/4494-large_default/deep-dive-spiner.jpg
261,2,https://samsonite.com.tn/4495-large_default/deep-dive-spiner.jpg
261,3,https://samsonite.com.tn/4496-large_default/deep-dive-spiner.jpg
261,4,https://samsonite.com.tn/4497-large_default/deep-dive-spiner.jpg
257,1,https://samsonite.com.tn/4466-large_default/set-de-3-valises-hyperspeed.jpg
245,1,https://samsonite.com.tn/4411-large_default/d-lite.jpg
245,2,https://samsonite.com.tn/4412-large_default/d-lite.jpg
245,3,https://samsonite.com.tn/4413-large_default/d-lite.jpg
245,4,https://samsonite.com.tn/4414-large_default/d-lite.jpg
245,5,https://samsonite.com.tn/4415-large_default/d-lite.jpg
245,6,https://samsonite.com.tn/4417-large_default/d-lite.jpg
245,7,https://samsonite.com.tn/4419-large_default/d-lite.jpg
245,8,https://samsonite.com.tn/4426-large_default/d-lite.jpg
243,1,https://samsonite.com.tn/4370-large_default/gateway-200.jpg
243,2,https://samsonite.com.tn/4371-large_default/gateway-200.jpg
243,3,https://samsonite.com.tn/4372-large_default/gateway-200.jpg
243,4,https://samsonite.com.tn/4373-large_default/gateway-200.jpg
231,1,https://samsonite.com.tn/4235-large_default/vaycay.jpg
231,2,https://samsonite.com.tn/4236-large_default/vaycay.jpg
231,3,https://samsonite.com.tn/4237-large_default/vaycay.jpg
231,4,https://samsonite.com.tn/4238-large_default/vaycay.jpg
231,5,https://samsonite.com.tn/4239-large_default/vaycay.jpg
230,1,https://samsonite.com.tn/4213-large_default/pulsonic.jpg
230,2,https://samsonite.com.tn/4215-large_default/pulsonic.jpg
230,3,https://samsonite.com.tn/4216-large_default/pulsonic.jpg
230,4,https://samsonite.com.tn/4217-large_default/pulsonic.jpg
190,1,https://samsonite.com.tn/3943-large_default/crosstrack.jpg
190,2,https://samsonite.com.tn/3944-large_default/crosstrack.jpg
190,3,https://samsonite.com.tn/3945-large_default/crosstrack.jpg
190,4,https://samsonite.com.tn/3946-large_default/crosstrack.jpg
189,1,https://samsonite.com.tn/3930-large_default/speedstar.jpg
189,2,https://samsonite.com.tn/3931-large_default/speedstar.jpg
189,3,https://samsonite.com.tn/3932-large_default/speedstar.jpg
189,4,https://samsonite.com.tn/3933-large_default/speedstar.jpg
171,1,https://samsonite.com.tn/3433-large_default/sky-surfer-spinner.jpg
171,2,https://samsonite.com.tn/3432-large_default/sky-surfer-spinner.jpg
171,3,https://samsonite.com.tn/3434-large_default/sky-surfer-spinner.jpg
171,4,https://samsonite.com.tn/3435-large_default/sky-surfer-spinner.jpg
171,5,https://samsonite.com.tn/3436-large_default/sky-surfer-spinner.jpg
171,6,https://samsonite.com.tn/3437-large_default/sky-surfer-spinner.jpg
171,7,https://samsonite.com.tn/3438-large_default/sky-surfer-spinner.jpg
171,8,https://samsonite.com.tn/3439-large_default/sky-surfer-spinner.jpg
171,9,https://samsonite.com.tn/3440-large_default/sky-surfer-spinner.jpg
158,1,https://samsonite.com.tn/2931-large_default/lipault-plume-30-spinner-.jpg
158,2,https://samsonite.com.tn/2932-large_default/lipault-plume-30-spinner-.jpg
158,3,https://samsonite.com.tn/2933-large_default/lipault-plume-30-spinner-.jpg
158,4,https://samsonite.com.tn/2934-large_default/lipault-plume-30-spinner-.jpg
158,5,https://samsonite.com.tn/2935-large_default/lipault-plume-30-spinner-.jpg
158,6,https://samsonite.com.tn/2936-large_default/lipault-plume-30-spinner-.jpg
158,7,https://samsonite.com.tn/2937-large_default/lipault-plume-30-spinner-.jpg
139,1,https://samsonite.com.tn/2664-large_default/set-de-3-valises-bon-air.jpg
139,2,https://samsonite.com.tn/2667-large_default/set-de-3-valises-bon-air.jpg
139,3,https://samsonite.com.tn/2666-large_default/set-de-3-valises-bon-air.jpg
139,4,https://samsonite.com.tn/2665-large_default/set-de-3-valises-bon-air.jpg
283,1,https://samsonite.com.tn/4793-large_default/orfeo.jpg
283,2,https://samsonite.com.tn/4794-large_default/orfeo.jpg
283,3,https://samsonite.com.tn/4795-large_default/orfeo.jpg
283,4,https://samsonite.com.tn/4796-large_default/orfeo.jpg
283,5,https://samsonite.com.tn/4797-large_default/orfeo.jpg
271,1,https://samsonite.com.tn/4559-large_default/dashpop-spinner.jpg
271,2,https://samsonite.com.tn/4560-large_default/dashpop-spinner.jpg
271,3,https://samsonite.com.tn/4561-large_default/dashpop-spinner.jpg
271,4,https://samsonite.com.tn/4563-large_default/dashpop-spinner.jpg
271,5,https://samsonite.com.tn/4564-large_default/dashpop-spinner.jpg
271,6,https://samsonite.com.tn/4565-large_default/dashpop-spinner.jpg
271,7,https://samsonite.com.tn/4566-large_default/dashpop-spinner.jpg
271,8,https://samsonite.com.tn/4567-large_default/dashpop-spinner.jpg
271,9,https://samsonite.com.tn/4568-large_default/dashpop-spinner.jpg
271,10,https://samsonite.com.tn/4569-large_default/dashpop-spinner.jpg
271,11,https://samsonite.com.tn/4570-large_default/dashpop-spinner.jpg
271,12,https://samsonite.com.tn/4571-large_default/dashpop-spinner.jpg
271,13,https://samsonite.com.tn/4572-large_default/dashpop-spinner.jpg
271,14,https://samsonite.com.tn/4575-large_default/dashpop-spinner.jpg
271,15,https://samsonite.com.tn/4576-large_default/dashpop-spinner.jpg
271,16,https://samsonite.com.tn/4577-large_default/dashpop-spinner.jpg
271,17,https://samsonite.com.tn/4578-large_default/dashpop-spinner.jpg
271,18,https://samsonite.com.tn/4579-large_default/dashpop-spinner.jpg
271,19,https://samsonite.com.tn/4580-large_default/dashpop-spinner.jpg
271,20,https://samsonite.com.tn/4581-large_default/dashpop-spinner.jpg
271,21,https://samsonite.com.tn/4582-large_default/dashpop-spinner.jpg
271,22,https://samsonite.com.tn/4583-large_default/dashpop-spinner.jpg
271,23,https://samsonite.com.tn/4584-large_default/dashpop-spinner.jpg
271,24,https://samsonite.com.tn/4585-large_default/dashpop-spinner.jpg
271,25,https://samsonite.com.tn/4586-large_default/dashpop-spinner.jpg
271,26,https://samsonite.com.tn/4587-large_default/dashpop-spinner.jpg
271,27,https://samsonite.com.tn/4588-large_default/dashpop-spinner.jpg
271,28,https://samsonite.com.tn/4589-large_default/dashpop-spinner.jpg
271,29,https://samsonite.com.tn/4590-large_default/dashpop-spinner.jpg
271,30,https://samsonite.com.tn/4591-large_default/dashpop-spinner.jpg
271,31,https://samsonite.com.tn/4592-large_default/dashpop-spinner.jpg
271,32,https://samsonite.com.tn/4593-large_default/dashpop-spinner.jpg
271,33,https://samsonite.com.tn/4594-large_default/dashpop-spinner.jpg
271,34,https://samsonite.com.tn/4595-large_default/dashpop-spinner.jpg
271,35,https://samsonite.com.tn/4596-large_default/dashpop-spinner.jpg
271,36,https://samsonite.com.tn/4597-large_default/dashpop-spinner.jpg
271,37,https://samsonite.com.tn/4598-large_default/dashpop-spinner.jpg
271,38,https://samsonite.com.tn/4599-large_default/dashpop-spinner.jpg
271,39,https://samsonite.com.tn/4600-large_default/dashpop-spinner.jpg
271,40,https://samsonite.com.tn/4601-large_default/dashpop-spinner.jpg
271,41,https://samsonite.com.tn/4602-large_default/dashpop-spinner.jpg
271,42,https://samsonite.com.tn/4603-large_default/dashpop-spinner.jpg
271,43,https://samsonite.com.tn/4604-large_default/dashpop-spinner.jpg
271,44,https://samsonite.com.tn/4605-large_default/dashpop-spinner.jpg
271,45,https://samsonite.com.tn/4606-large_default/dashpop-spinner.jpg
271,46,https://samsonite.com.tn/4607-large_default/dashpop-spinner.jpg
271,47,https://samsonite.com.tn/4608-large_default/dashpop-spinner.jpg
271,48,https://samsonite.com.tn/4609-large_default/dashpop-spinner.jpg
271,49,https://samsonite.com.tn/4610-large_default/dashpop-spinner.jpg
271,50,https://samsonite.com.tn/4611-large_default/dashpop-spinner.jpg
271,51,https://samsonite.com.tn/4935-large_default/dashpop-spinner.jpg
271,52,https://samsonite.com.tn/4936-large_default/dashpop-spinner.jpg
271,53,https://samsonite.com.tn/4937-large_default/dashpop-spinner.jpg
271,54,https://samsonite.com.tn/4938-large_default/dashpop-spinner.jpg
271,55,https://samsonite.com.tn/4939-large_default/dashpop-spinner.jpg
271,56,https://samsonite.com.tn/4940-large_default/dashpop-spinner.jpg
271,57,https://samsonite.com.tn/4941-large_default/dashpop-spinner.jpg
271,58,https://samsonite.com.tn/4943-large_default/dashpop-spinner.jpg
271,59,https://samsonite.com.tn/4945-large_default/dashpop-spinner.jpg
271,60,https://samsonite.com.tn/4946-large_default/dashpop-spinner.jpg
271,61,https://samsonite.com.tn/4947-large_default/dashpop-spinner.jpg
271,62,https://samsonite.com.tn/4949-large_default/dashpop-spinner.jpg
271,63,https://samsonite.com.tn/4950-large_default/dashpop-spinner.jpg
271,64,https://samsonite.com.tn/4951-large_default/dashpop-spinner.jpg
271,65,https://samsonite.com.tn/4953-large_default/dashpop-spinner.jpg
271,66,https://samsonite.com.tn/4954-large_default/dashpop-spinner.jpg
271,67,https://samsonite.com.tn/4955-large_default/dashpop-spinner.jpg
271,68,https://samsonite.com.tn/4956-large_default/dashpop-spinner.jpg
271,69,https://samsonite.com.tn/4957-large_default/dashpop-spinner.jpg
271,70,https://samsonite.com.tn/4983-large_default/dashpop-spinner.jpg
271,71,https://samsonite.com.tn/4984-large_default/dashpop-spinner.jpg
271,72,https://samsonite.com.tn/4985-large_default/dashpop-spinner.jpg
271,73,https://samsonite.com.tn/4986-large_default/dashpop-spinner.jpg
271,74,https://samsonite.com.tn/4987-large_default/dashpop-spinner.jpg
271,75,https://samsonite.com.tn/4988-large_default/dashpop-spinner.jpg
271,76,https://samsonite.com.tn/4989-large_default/dashpop-spinner.jpg
271,77,https://samsonite.com.tn/4990-large_default/dashpop-spinner.jpg
271,78,https://samsonite.com.tn/4991-large_default/dashpop-spinner.jpg
101,1,https://samsonite.com.tn/2273-large_default/nuon-spinner.jpg
101,2,https://samsonite.com.tn/2274-large_default/nuon-spinner.jpg
101,3,https://samsonite.com.tn/2275-large_default/nuon-spinner.jpg
101,4,https://samsonite.com.tn/2276-large_default/nuon-spinner.jpg
101,5,https://samsonite.com.tn/2277-large_default/nuon-spinner.jpg
101,6,https://samsonite.com.tn/2278-large_default/nuon-spinner.jpg
101,7,https://samsonite.com.tn/2279-large_default/nuon-spinner.jpg
101,8,https://samsonite.com.tn/2280-large_default/nuon-spinner.jpg
101,9,https://samsonite.com.tn/2281-large_default/nuon-spinner.jpg
101,10,https://samsonite.com.tn/2282-large_default/nuon-spinner.jpg
101,11,https://samsonite.com.tn/2283-large_default/nuon-spinner.jpg
101,12,https://samsonite.com.tn/2284-large_default/nuon-spinner.jpg
101,13,https://samsonite.com.tn/2285-large_default/nuon-spinner.jpg
101,14,https://samsonite.com.tn/2286-large_default/nuon-spinner.jpg
101,15,https://samsonite.com.tn/2287-large_default/nuon-spinner.jpg
101,16,https://samsonite.com.tn/2288-large_default/nuon-spinner.jpg
101,17,https://samsonite.com.tn/2289-large_default/nuon-spinner.jpg
101,18,https://samsonite.com.tn/2290-large_default/nuon-spinner.jpg
101,19,https://samsonite.com.tn/2291-large_default/nuon-spinner.jpg
101,20,https://samsonite.com.tn/2292-large_default/nuon-spinner.jpg
99,1,https://samsonite.com.tn/1995-large_default/wavebreaker-disney-spinner.jpg
99,2,https://samsonite.com.tn/1996-large_default/wavebreaker-disney-spinner.jpg
99,3,https://samsonite.com.tn/1997-large_default/wavebreaker-disney-spinner.jpg
99,4,https://samsonite.com.tn/1998-large_default/wavebreaker-disney-spinner.jpg
99,5,https://samsonite.com.tn/1999-large_default/wavebreaker-disney-spinner.jpg
99,6,https://samsonite.com.tn/2000-large_default/wavebreaker-disney-spinner.jpg
99,7,https://samsonite.com.tn/2001-large_default/wavebreaker-disney-spinner.jpg
99,8,https://samsonite.com.tn/2002-large_default/wavebreaker-disney-spinner.jpg
99,9,https://samsonite.com.tn/2003-large_default/wavebreaker-disney-spinner.jpg
99,10,https://samsonite.com.tn/2004-large_default/wavebreaker-disney-spinner.jpg
99,11,https://samsonite.com.tn/2005-large_default/wavebreaker-disney-spinner.jpg
99,12,https://samsonite.com.tn/2006-large_default/wavebreaker-disney-spinner.jpg
99,13,https://samsonite.com.tn/2007-large_default/wavebreaker-disney-spinner.jpg
99,14,https://samsonite.com.tn/2008-large_default/wavebreaker-disney-spinner.jpg
99,15,https://samsonite.com.tn/2009-large_default/wavebreaker-disney-spinner.jpg
247,1,https://samsonite.com.tn/4427-large_default/c-lite.jpg
247,2,https://samsonite.com.tn/4428-large_default/c-lite.jpg
247,3,https://samsonite.com.tn/4429-large_default/c-lite.jpg
247,4,https://samsonite.com.tn/4430-large_default/c-lite.jpg
247,5,https://samsonite.com.tn/4431-large_default/c-lite.jpg
247,6,https://samsonite.com.tn/4432-large_default/c-lite.jpg
247,7,https://samsonite.com.tn/4433-large_default/c-lite.jpg
247,8,https://samsonite.com.tn/4434-large_default/c-lite.jpg
97,1,https://samsonite.com.tn/1921-large_default/disney-ultimate-20.jpg
97,2,https://samsonite.com.tn/1922-large_default/disney-ultimate-20.jpg
97,3,https://samsonite.com.tn/1923-large_default/disney-ultimate-20.jpg
97,4,https://samsonite.com.tn/1924-large_default/disney-ultimate-20.jpg
97,5,https://samsonite.com.tn/1925-large_default/disney-ultimate-20.jpg
97,6,https://samsonite.com.tn/1926-large_default/disney-ultimate-20.jpg
97,7,https://samsonite.com.tn/1927-large_default/disney-ultimate-20.jpg
97,8,https://samsonite.com.tn/1928-large_default/disney-ultimate-20.jpg
97,9,https://samsonite.com.tn/1929-large_default/disney-ultimate-20.jpg
97,10,https://samsonite.com.tn/1930-large_default/disney-ultimate-20.jpg
97,11,https://samsonite.com.tn/1931-large_default/disney-ultimate-20.jpg
97,12,https://samsonite.com.tn/1932-large_default/disney-ultimate-20.jpg
97,13,https://samsonite.com.tn/1933-large_default/disney-ultimate-20.jpg
97,14,https://samsonite.com.tn/1934-large_default/disney-ultimate-20.jpg
229,1,https://samsonite.com.tn/4170-large_default/stackd-.jpg
229,2,https://samsonite.com.tn/4171-large_default/stackd-.jpg
229,3,https://samsonite.com.tn/4172-large_default/stackd-.jpg
229,4,https://samsonite.com.tn/4174-large_default/stackd-.jpg
96,1,https://samsonite.com.tn/1870-large_default/dream-rider.jpg
96,2,https://samsonite.com.tn/1871-large_default/dream-rider.jpg
96,3,https://samsonite.com.tn/1872-large_default/dream-rider.jpg
96,4,https://samsonite.com.tn/1873-large_default/dream-rider.jpg
96,5,https://samsonite.com.tn/1874-large_default/dream-rider.jpg
96,6,https://samsonite.com.tn/1875-large_default/dream-rider.jpg
96,7,https://samsonite.com.tn/1876-large_default/dream-rider.jpg
96,8,https://samsonite.com.tn/1877-large_default/dream-rider.jpg
96,9,https://samsonite.com.tn/1878-large_default/dream-rider.jpg
96,10,https://samsonite.com.tn/1879-large_default/dream-rider.jpg
96,11,https://samsonite.com.tn/1880-large_default/dream-rider.jpg
223,1,https://samsonite.com.tn/4147-large_default/major-lite.jpg
223,2,https://samsonite.com.tn/4148-large_default/major-lite.jpg
223,3,https://samsonite.com.tn/4150-large_default/major-lite.jpg
223,4,https://samsonite.com.tn/4151-large_default/major-lite.jpg
223,5,https://samsonite.com.tn/4152-large_default/major-lite.jpg
223,6,https://samsonite.com.tn/4153-large_default/major-lite.jpg
95,1,https://samsonite.com.tn/1705-large_default/airea-spinner-exp.jpg
95,2,https://samsonite.com.tn/1706-large_default/airea-spinner-exp.jpg
95,3,https://samsonite.com.tn/1707-large_default/airea-spinner-exp.jpg
95,4,https://samsonite.com.tn/1708-large_default/airea-spinner-exp.jpg
95,5,https://samsonite.com.tn/1709-large_default/airea-spinner-exp.jpg
95,6,https://samsonite.com.tn/1710-large_default/airea-spinner-exp.jpg
95,7,https://samsonite.com.tn/1711-large_default/airea-spinner-exp.jpg
95,8,https://samsonite.com.tn/1712-large_default/airea-spinner-exp.jpg
95,9,https://samsonite.com.tn/1713-large_default/airea-spinner-exp.jpg
95,10,https://samsonite.com.tn/1714-large_default/airea-spinner-exp.jpg
95,11,https://samsonite.com.tn/1715-large_default/airea-spinner-exp.jpg
95,12,https://samsonite.com.tn/1716-large_default/airea-spinner-exp.jpg
95,13,https://samsonite.com.tn/1717-large_default/airea-spinner-exp.jpg
95,14,https://samsonite.com.tn/1718-large_default/airea-spinner-exp.jpg
95,15,https://samsonite.com.tn/1719-large_default/airea-spinner-exp.jpg
95,16,https://samsonite.com.tn/1720-large_default/airea-spinner-exp.jpg
95,17,https://samsonite.com.tn/1721-large_default/airea-spinner-exp.jpg
220,1,https://samsonite.com.tn/4139-large_default/attrix.jpg
220,2,https://samsonite.com.tn/4146-large_default/attrix.jpg
93,1,https://samsonite.com.tn/1664-large_default/proxis-spinner.jpg
93,2,https://samsonite.com.tn/1665-large_default/proxis-spinner.jpg
93,3,https://samsonite.com.tn/1666-large_default/proxis-spinner.jpg
93,4,https://samsonite.com.tn/1667-large_default/proxis-spinner.jpg
93,5,https://samsonite.com.tn/1668-large_default/proxis-spinner.jpg
93,6,https://samsonite.com.tn/1669-large_default/proxis-spinner.jpg
218,1,https://samsonite.com.tn/4122-large_default/essens.jpg
218,2,https://samsonite.com.tn/4123-large_default/essens.jpg
218,3,https://samsonite.com.tn/4124-large_default/essens.jpg
218,4,https://samsonite.com.tn/4543-large_default/essens.jpg
218,5,https://samsonite.com.tn/4544-large_default/essens.jpg
218,6,https://samsonite.com.tn/4545-large_default/essens.jpg
218,7,https://samsonite.com.tn/4546-large_default/essens.jpg
194,1,https://samsonite.com.tn/3962-large_default/upscape.jpg
194,2,https://samsonite.com.tn/3963-large_default/upscape.jpg
194,3,https://samsonite.com.tn/3964-large_default/upscape.jpg
194,4,https://samsonite.com.tn/3965-large_default/upscape.jpg
37,1,https://samsonite.com.tn/479-large_default/lite-locked.jpg
37,2,https://samsonite.com.tn/480-large_default/lite-locked.jpg
37,3,https://samsonite.com.tn/481-large_default/lite-locked.jpg
37,4,https://samsonite.com.tn/482-large_default/lite-locked.jpg
37,5,https://samsonite.com.tn/483-large_default/lite-locked.jpg
37,6,https://samsonite.com.tn/484-large_default/lite-locked.jpg
37,7,https://samsonite.com.tn/485-large_default/lite-locked.jpg
37,8,https://samsonite.com.tn/486-large_default/lite-locked.jpg
37,9,https://samsonite.com.tn/487-large_default/lite-locked.jpg
37,10,https://samsonite.com.tn/488-large_default/lite-locked.jpg
37,11,https://samsonite.com.tn/489-large_default/lite-locked.jpg
37,12,https://samsonite.com.tn/490-large_default/lite-locked.jpg
37,13,https://samsonite.com.tn/491-large_default/lite-locked.jpg
37,14,https://samsonite.com.tn/492-large_default/lite-locked.jpg
37,15,https://samsonite.com.tn/493-large_default/lite-locked.jpg
37,16,https://samsonite.com.tn/494-large_default/lite-locked.jpg
38,1,https://samsonite.com.tn/497-large_default/lite-shock.jpg
44,1,https://samsonite.com.tn/622-large_default/s-cure-eco.jpg
44,2,https://samsonite.com.tn/623-large_default/s-cure-eco.jpg
44,3,https://samsonite.com.tn/624-large_default/s-cure-eco.jpg
44,4,https://samsonite.com.tn/625-large_default/s-cure-eco.jpg
44,5,https://samsonite.com.tn/626-large_default/s-cure-eco.jpg
44,6,https://samsonite.com.tn/627-large_default/s-cure-eco.jpg
44,7,https://samsonite.com.tn/628-large_default/s-cure-eco.jpg
44,8,https://samsonite.com.tn/629-large_default/s-cure-eco.jpg
44,9,https://samsonite.com.tn/630-large_default/s-cure-eco.jpg
44,10,https://samsonite.com.tn/631-large_default/s-cure-eco.jpg
44,11,https://samsonite.com.tn/632-large_default/s-cure-eco.jpg
44,12,https://samsonite.com.tn/633-large_default/s-cure-eco.jpg
44,13,https://samsonite.com.tn/634-large_default/s-cure-eco.jpg
44,14,https://samsonite.com.tn/635-large_default/s-cure-eco.jpg
44,15,https://samsonite.com.tn/636-large_default/s-cure-eco.jpg
44,16,https://samsonite.com.tn/637-large_default/s-cure-eco.jpg
44,17,https://samsonite.com.tn/638-large_default/s-cure-eco.jpg
285,1,https://samsonite.com.tn/4837-large_default/midtown-duffle.jpg
285,2,https://samsonite.com.tn/4838-large_default/midtown-duffle.jpg
285,3,https://samsonite.com.tn/4839-large_default/midtown-duffle.jpg
285,4,https://samsonite.com.tn/4840-large_default/midtown-duffle.jpg
285,5,https://samsonite.com.tn/4841-large_default/midtown-duffle.jpg
49,1,https://samsonite.com.tn/779-large_default/popsoda.jpg
49,2,https://samsonite.com.tn/780-large_default/popsoda.jpg
49,3,https://samsonite.com.tn/781-large_default/popsoda.jpg
49,4,https://samsonite.com.tn/782-large_default/popsoda.jpg
49,5,https://samsonite.com.tn/783-large_default/popsoda.jpg
49,6,https://samsonite.com.tn/784-large_default/popsoda.jpg
50,1,https://samsonite.com.tn/802-large_default/spark.jpg
50,2,https://samsonite.com.tn/803-large_default/spark.jpg
50,3,https://samsonite.com.tn/804-large_default/spark.jpg
50,4,https://samsonite.com.tn/805-large_default/spark.jpg
50,5,https://samsonite.com.tn/806-large_default/spark.jpg
204,1,https://samsonite.com.tn/4018-large_default/summer-funk.jpg
204,2,https://samsonite.com.tn/4020-large_default/summer-funk.jpg
204,3,https://samsonite.com.tn/4157-large_default/summer-funk.jpg
52,1,https://samsonite.com.tn/832-large_default/base-boost.jpg
52,2,https://samsonite.com.tn/833-large_default/base-boost.jpg
52,3,https://samsonite.com.tn/834-large_default/base-boost.jpg
52,4,https://samsonite.com.tn/835-large_default/base-boost.jpg
52,5,https://samsonite.com.tn/836-large_default/base-boost.jpg
52,6,https://samsonite.com.tn/837-large_default/base-boost.jpg
52,7,https://samsonite.com.tn/838-large_default/base-boost.jpg
52,8,https://samsonite.com.tn/839-large_default/base-boost.jpg
52,9,https://samsonite.com.tn/840-large_default/base-boost.jpg
52,10,https://samsonite.com.tn/841-large_default/base-boost.jpg
52,11,https://samsonite.com.tn/842-large_default/base-boost.jpg
52,12,https://samsonite.com.tn/843-large_default/base-boost.jpg
52,13,https://samsonite.com.tn/844-large_default/base-boost.jpg
255,1,https://samsonite.com.tn/4465-large_default/set-de-3-valises-hyperspeed.jpg
192,1,https://samsonite.com.tn/3954-large_default/seaseeker.jpg
192,2,https://samsonite.com.tn/3955-large_default/seaseeker.jpg
192,3,https://samsonite.com.tn/3956-large_default/seaseeker.jpg
192,4,https://samsonite.com.tn/3957-large_default/seaseeker.jpg
71,1,https://samsonite.com.tn/1412-large_default/holiday-heat.jpg
71,2,https://samsonite.com.tn/1413-large_default/holiday-heat.jpg
71,3,https://samsonite.com.tn/1414-large_default/holiday-heat.jpg
71,4,https://samsonite.com.tn/1415-large_default/holiday-heat.jpg
71,5,https://samsonite.com.tn/1416-large_default/holiday-heat.jpg
71,6,https://samsonite.com.tn/1417-large_default/holiday-heat.jpg
71,7,https://samsonite.com.tn/1418-large_default/holiday-heat.jpg
71,8,https://samsonite.com.tn/1419-large_default/holiday-heat.jpg
70,1,https://samsonite.com.tn/1382-large_default/lite-volt.jpg
70,2,https://samsonite.com.tn/1383-large_default/lite-volt.jpg
70,3,https://samsonite.com.tn/1384-large_default/lite-volt.jpg
70,4,https://samsonite.com.tn/1385-large_default/lite-volt.jpg
70,5,https://samsonite.com.tn/1386-large_default/lite-volt.jpg
70,6,https://samsonite.com.tn/1387-large_default/lite-volt.jpg
70,7,https://samsonite.com.tn/1388-large_default/lite-volt.jpg
69,1,https://samsonite.com.tn/1345-large_default/eco-spin.jpg
69,2,https://samsonite.com.tn/1346-large_default/eco-spin.jpg
69,3,https://samsonite.com.tn/1347-large_default/eco-spin.jpg
69,4,https://samsonite.com.tn/1348-large_default/eco-spin.jpg
69,5,https://samsonite.com.tn/1349-large_default/eco-spin.jpg
69,6,https://samsonite.com.tn/1350-large_default/eco-spin.jpg
69,7,https://samsonite.com.tn/1351-large_default/eco-spin.jpg
69,8,https://samsonite.com.tn/1352-large_default/eco-spin.jpg
69,9,https://samsonite.com.tn/1353-large_default/eco-spin.jpg
65,1,https://samsonite.com.tn/1786-large_default/linex.jpg
65,2,https://samsonite.com.tn/1787-large_default/linex.jpg
65,3,https://samsonite.com.tn/1788-large_default/linex.jpg
65,4,https://samsonite.com.tn/1789-large_default/linex.jpg
65,5,https://samsonite.com.tn/1790-large_default/linex.jpg
65,6,https://samsonite.com.tn/1791-large_default/linex.jpg
65,7,https://samsonite.com.tn/1792-large_default/linex.jpg
65,8,https://samsonite.com.tn/1793-large_default/linex.jpg
65,9,https://samsonite.com.tn/1794-large_default/linex.jpg
65,10,https://samsonite.com.tn/1795-large_default/linex.jpg
65,11,https://samsonite.com.tn/1796-large_default/linex.jpg
65,12,https://samsonite.com.tn/1797-large_default/linex.jpg
64,1,https://samsonite.com.tn/1201-large_default/wavebreaker.jpg
64,2,https://samsonite.com.tn/1202-large_default/wavebreaker.jpg
64,3,https://samsonite.com.tn/1203-large_default/wavebreaker.jpg
64,4,https://samsonite.com.tn/1204-large_default/wavebreaker.jpg
64,5,https://samsonite.com.tn/1205-large_default/wavebreaker.jpg
64,6,https://samsonite.com.tn/1206-large_default/wavebreaker.jpg
64,7,https://samsonite.com.tn/1207-large_default/wavebreaker.jpg
64,8,https://samsonite.com.tn/1208-large_default/wavebreaker.jpg
64,9,https://samsonite.com.tn/1209-large_default/wavebreaker.jpg
63,1,https://samsonite.com.tn/4024-large_default/soundbox.jpg
63,2,https://samsonite.com.tn/4025-large_default/soundbox.jpg
63,3,https://samsonite.com.tn/4026-large_default/soundbox.jpg
63,4,https://samsonite.com.tn/4027-large_default/soundbox.jpg
59,1,https://samsonite.com.tn/1112-large_default/funlight-star-wars.jpg
59,2,https://samsonite.com.tn/1113-large_default/funlight-star-wars.jpg
59,3,https://samsonite.com.tn/1114-large_default/funlight-star-wars.jpg
59,4,https://samsonite.com.tn/1115-large_default/funlight-star-wars.jpg
59,5,https://samsonite.com.tn/1116-large_default/funlight-star-wars.jpg
59,6,https://samsonite.com.tn/1117-large_default/funlight-star-wars.jpg
59,7,https://samsonite.com.tn/1118-large_default/funlight-star-wars.jpg
59,8,https://samsonite.com.tn/1119-large_default/funlight-star-wars.jpg
59,9,https://samsonite.com.tn/1120-large_default/funlight-star-wars.jpg
59,10,https://samsonite.com.tn/1121-large_default/funlight-star-wars.jpg
55,1,https://samsonite.com.tn/949-large_default/airconic.jpg
55,2,https://samsonite.com.tn/951-large_default/airconic.jpg
55,3,https://samsonite.com.tn/952-large_default/airconic.jpg
55,4,https://samsonite.com.tn/953-large_default/airconic.jpg
55,5,https://samsonite.com.tn/954-large_default/airconic.jpg
55,6,https://samsonite.com.tn/955-large_default/airconic.jpg
55,7,https://samsonite.com.tn/956-large_default/airconic.jpg
30,1,https://samsonite.com.tn/257-large_default/cosmolite.jpg
30,2,https://samsonite.com.tn/258-large_default/cosmolite.jpg
30,3,https://samsonite.com.tn/259-large_default/cosmolite.jpg
30,4,https://samsonite.com.tn/260-large_default/cosmolite.jpg
30,5,https://samsonite.com.tn/261-large_default/cosmolite.jpg
30,6,https://samsonite.com.tn/262-large_default/cosmolite.jpg
30,7,https://samsonite.com.tn/263-large_default/cosmolite.jpg
30,8,https://samsonite.com.tn/264-large_default/cosmolite.jpg
30,9,https://samsonite.com.tn/265-large_default/cosmolite.jpg
30,10,https://samsonite.com.tn/266-large_default/cosmolite.jpg
30,11,https://samsonite.com.tn/267-large_default/cosmolite.jpg
30,12,https://samsonite.com.tn/268-large_default/cosmolite.jpg
30,13,https://samsonite.com.tn/269-large_default/cosmolite.jpg
30,14,https://samsonite.com.tn/270-large_default/cosmolite.jpg
30,15,https://samsonite.com.tn/271-large_default/cosmolite.jpg
30,16,https://samsonite.com.tn/272-large_default/cosmolite.jpg
30,17,https://samsonite.com.tn/273-large_default/cosmolite.jpg
30,18,https://samsonite.com.tn/274-large_default/cosmolite.jpg
30,19,https://samsonite.com.tn/275-large_default/cosmolite.jpg
30,20,https://samsonite.com.tn/276-large_default/cosmolite.jpg
30,21,https://samsonite.com.tn/277-large_default/cosmolite.jpg
30,22,https://samsonite.com.tn/278-large_default/cosmolite.jpg
30,23,https://samsonite.com.tn/279-large_default/cosmolite.jpg
30,24,https://samsonite.com.tn/280-large_default/cosmolite.jpg
30,25,https://samsonite.com.tn/281-large_default/cosmolite.jpg
30,26,https://samsonite.com.tn/282-large_default/cosmolite.jpg
30,27,https://samsonite.com.tn/283-large_default/cosmolite.jpg
30,28,https://samsonite.com.tn/284-large_default/cosmolite.jpg
30,29,https://samsonite.com.tn/285-large_default/cosmolite.jpg
30,30,https://samsonite.com.tn/286-large_default/cosmolite.jpg
30,31,https://samsonite.com.tn/287-large_default/cosmolite.jpg
30,32,https://samsonite.com.tn/288-large_default/cosmolite.jpg
30,33,https://samsonite.com.tn/289-large_default/cosmolite.jpg
30,34,https://samsonite.com.tn/290-large_default/cosmolite.jpg
30,35,https://samsonite.com.tn/291-large_default/cosmolite.jpg
30,36,https://samsonite.com.tn/292-large_default/cosmolite.jpg
30,37,https://samsonite.com.tn/293-large_default/cosmolite.jpg
30,38,https://samsonite.com.tn/294-large_default/cosmolite.jpg
30,39,https://samsonite.com.tn/295-large_default/cosmolite.jpg
30,40,https://samsonite.com.tn/296-large_default/cosmolite.jpg
30,41,https://samsonite.com.tn/297-large_default/cosmolite.jpg
30,42,https://samsonite.com.tn/298-large_default/cosmolite.jpg
30,43,https://samsonite.com.tn/299-large_default/cosmolite.jpg
30,44,https://samsonite.com.tn/300-large_default/cosmolite.jpg
30,45,https://samsonite.com.tn/301-large_default/cosmolite.jpg
30,46,https://samsonite.com.tn/302-large_default/cosmolite.jpg
30,47,https://samsonite.com.tn/303-large_default/cosmolite.jpg
30,48,https://samsonite.com.tn/304-large_default/cosmolite.jpg
30,49,https://samsonite.com.tn/305-large_default/cosmolite.jpg
30,50,https://samsonite.com.tn/306-large_default/cosmolite.jpg
30,51,https://samsonite.com.tn/307-large_default/cosmolite.jpg
30,52,https://samsonite.com.tn/308-large_default/cosmolite.jpg
30,53,https://samsonite.com.tn/309-large_default/cosmolite.jpg
30,54,https://samsonite.com.tn/310-large_default/cosmolite.jpg
30,55,https://samsonite.com.tn/311-large_default/cosmolite.jpg
30,56,https://samsonite.com.tn/312-large_default/cosmolite.jpg
30,57,https://samsonite.com.tn/313-large_default/cosmolite.jpg
30,58,https://samsonite.com.tn/314-large_default/cosmolite.jpg
30,59,https://samsonite.com.tn/315-large_default/cosmolite.jpg
30,60,https://samsonite.com.tn/316-large_default/cosmolite.jpg
25,1,https://samsonite.com.tn/167-large_default/magnum-eco-spinner.jpg
25,2,https://samsonite.com.tn/168-large_default/magnum-eco-spinner.jpg
25,3,https://samsonite.com.tn/169-large_default/magnum-eco-spinner.jpg
25,4,https://samsonite.com.tn/170-large_default/magnum-eco-spinner.jpg
25,5,https://samsonite.com.tn/171-large_default/magnum-eco-spinner.jpg
25,6,https://samsonite.com.tn/172-large_default/magnum-eco-spinner.jpg
25,7,https://samsonite.com.tn/173-large_default/magnum-eco-spinner.jpg
25,8,https://samsonite.com.tn/174-large_default/magnum-eco-spinner.jpg
25,9,https://samsonite.com.tn/175-large_default/magnum-eco-spinner.jpg
26,1,https://samsonite.com.tn/209-large_default/citybeat-spinner.jpg
26,2,https://samsonite.com.tn/210-large_default/citybeat-spinner.jpg
26,3,https://samsonite.com.tn/211-large_default/citybeat-spinner.jpg
26,4,https://samsonite.com.tn/212-large_default/citybeat-spinner.jpg
26,5,https://samsonite.com.tn/213-large_default/citybeat-spinner.jpg
26,6,https://samsonite.com.tn/214-large_default/citybeat-spinner.jpg
26,7,https://samsonite.com.tn/215-large_default/citybeat-spinner.jpg
28,1,https://samsonite.com.tn/247-large_default/set-de-4-valises-magnum-eco-spinner.jpg
28,2,https://samsonite.com.tn/248-large_default/set-de-4-valises-magnum-eco-spinner.jpg
28,3,https://samsonite.com.tn/249-large_default/set-de-4-valises-magnum-eco-spinner.jpg
28,4,https://samsonite.com.tn/250-large_default/set-de-4-valises-magnum-eco-spinner.jpg
28,5,https://samsonite.com.tn/251-large_default/set-de-4-valises-magnum-eco-spinner.jpg
28,6,https://samsonite.com.tn/252-large_default/set-de-4-valises-magnum-eco-spinner.jpg
28,7,https://samsonite.com.tn/253-large_default/set-de-4-valises-magnum-eco-spinner.jpg
28,8,https://samsonite.com.tn/254-large_default/set-de-4-valises-magnum-eco-spinner.jpg
294,1,https://samsonite.com.tn/4966-large_default/pro-dlx-6-slg-046-b-6cc.jpg
294,2,https://samsonite.com.tn/4967-large_default/pro-dlx-6-slg-046-b-6cc.jpg
294,3,https://samsonite.com.tn/4968-large_default/pro-dlx-6-slg-046-b-6cc.jpg
293,1,https://samsonite.com.tn/4964-large_default/-pro-dlx-6-slg-049-b-s.jpg
293,2,https://samsonite.com.tn/4965-large_default/-pro-dlx-6-slg-049-b-s.jpg
268,1,https://samsonite.com.tn/4515-large_default/high-turn-beauty-case.jpg
268,2,https://samsonite.com.tn/4516-large_default/high-turn-beauty-case.jpg
268,3,https://samsonite.com.tn/4517-large_default/high-turn-beauty-case.jpg
268,4,https://samsonite.com.tn/4518-large_default/high-turn-beauty-case.jpg
239,1,https://samsonite.com.tn/4327-large_default/flagged-20-slg-001.jpg
239,2,https://samsonite.com.tn/4328-large_default/flagged-20-slg-001.jpg
239,3,https://samsonite.com.tn/4329-large_default/flagged-20-slg-001.jpg
238,1,https://samsonite.com.tn/4325-large_default/flagged-20-slg-046.jpg
238,2,https://samsonite.com.tn/4326-large_default/flagged-20-slg-046.jpg
236,1,https://samsonite.com.tn/4319-large_default/attack-2-slg-049.jpg
236,2,https://samsonite.com.tn/4320-large_default/attack-2-slg-049.jpg
236,3,https://samsonite.com.tn/4321-large_default/attack-2-slg-049.jpg
159,1,https://samsonite.com.tn/4255-large_default/global-ta-foldable-luggage-cover.jpg
159,2,https://samsonite.com.tn/4262-large_default/global-ta-foldable-luggage-cover.jpg
113,1,https://samsonite.com.tn/4267-large_default/success-2-slg-119.jpg
113,2,https://samsonite.com.tn/4268-large_default/success-2-slg-119.jpg
112,1,https://samsonite.com.tn/4095-large_default/success-2-slg-137.jpg
109,1,https://samsonite.com.tn/2386-large_default/housse-de-protection-patch.jpg
109,2,https://samsonite.com.tn/2387-large_default/housse-de-protection-patch.jpg
92,1,https://samsonite.com.tn/1600-large_default/sangle-a-code.jpg
92,2,https://samsonite.com.tn/1601-large_default/sangle-a-code.jpg
92,3,https://samsonite.com.tn/1602-large_default/sangle-a-code.jpg
92,4,https://samsonite.com.tn/1603-large_default/sangle-a-code.jpg
92,5,https://samsonite.com.tn/1604-large_default/sangle-a-code.jpg
92,6,https://samsonite.com.tn/1605-large_default/sangle-a-code.jpg
92,7,https://samsonite.com.tn/1606-large_default/sangle-a-code.jpg
91,1,https://samsonite.com.tn/1597-large_default/rain-pro-3-ultra-mini.jpg
91,2,https://samsonite.com.tn/1598-large_default/rain-pro-3-ultra-mini.jpg
91,3,https://samsonite.com.tn/1599-large_default/rain-pro-3-ultra-mini.jpg
89,1,https://samsonite.com.tn/1583-large_default/outline-8cc.jpg
89,2,https://samsonite.com.tn/1584-large_default/outline-8cc.jpg
89,3,https://samsonite.com.tn/1585-large_default/outline-8cc.jpg
88,1,https://samsonite.com.tn/1581-large_default/kit-confort.jpg
88,2,https://samsonite.com.tn/1582-large_default/kit-confort.jpg
82,1,https://samsonite.com.tn/1553-large_default/eye-shades-ear.jpg
82,2,https://samsonite.com.tn/1554-large_default/eye-shades-ear.jpg
80,1,https://samsonite.com.tn/1514-large_default/cadenas-a-combinaison-tsa.jpg
80,2,https://samsonite.com.tn/1515-large_default/cadenas-a-combinaison-tsa.jpg
80,3,https://samsonite.com.tn/1516-large_default/cadenas-a-combinaison-tsa.jpg
80,4,https://samsonite.com.tn/1517-large_default/cadenas-a-combinaison-tsa.jpg
80,5,https://samsonite.com.tn/1519-large_default/cadenas-a-combinaison-tsa.jpg
80,6,https://samsonite.com.tn/1531-large_default/cadenas-a-combinaison-tsa.jpg
79,1,https://samsonite.com.tn/1503-large_default/cadenas-a-combinaison.jpg
79,2,https://samsonite.com.tn/1506-large_default/cadenas-a-combinaison.jpg
79,3,https://samsonite.com.tn/1507-large_default/cadenas-a-combinaison.jpg
78,1,https://samsonite.com.tn/1501-large_default/cadenas-a-cle.jpg
78,2,https://samsonite.com.tn/1502-large_default/cadenas-a-cle.jpg
75,1,https://samsonite.com.tn/1491-large_default/alu-drop-s-3-tomato.jpg
75,2,https://samsonite.com.tn/1492-large_default/alu-drop-s-3-tomato.jpg
75,3,https://samsonite.com.tn/1493-large_default/alu-drop-s-3-tomato.jpg
29,1,https://samsonite.com.tn/255-large_default/housse-de-protection.jpg
152,1,https://samsonite.com.tn/4468-large_default/sac-a-dos-upbeat-sad-zip.jpg
152,2,https://samsonite.com.tn/4469-large_default/sac-a-dos-upbeat-sad-zip.jpg
149,1,https://samsonite.com.tn/2742-large_default/sac-a-dos-disney-forever.jpg
149,2,https://samsonite.com.tn/2743-large_default/sac-a-dos-disney-forever.jpg
149,3,https://samsonite.com.tn/2744-large_default/sac-a-dos-disney-forever.jpg
149,4,https://samsonite.com.tn/2745-large_default/sac-a-dos-disney-forever.jpg
149,5,https://samsonite.com.tn/2746-large_default/sac-a-dos-disney-forever.jpg
146,1,https://samsonite.com.tn/2698-large_default/sac-a-dos-disney-minnie-reveuse.jpg
146,2,https://samsonite.com.tn/2699-large_default/sac-a-dos-disney-minnie-reveuse.jpg
146,3,https://samsonite.com.tn/2700-large_default/sac-a-dos-disney-minnie-reveuse.jpg
146,4,https://samsonite.com.tn/2701-large_default/sac-a-dos-disney-minnie-reveuse.jpg
146,5,https://samsonite.com.tn/2702-large_default/sac-a-dos-disney-minnie-reveuse.jpg
146,6,https://samsonite.com.tn/2703-large_default/sac-a-dos-disney-minnie-reveuse.jpg
146,7,https://samsonite.com.tn/2704-large_default/sac-a-dos-disney-minnie-reveuse.jpg
146,8,https://samsonite.com.tn/2705-large_default/sac-a-dos-disney-minnie-reveuse.jpg
146,9,https://samsonite.com.tn/2706-large_default/sac-a-dos-disney-minnie-reveuse.jpg
146,10,https://samsonite.com.tn/2707-large_default/sac-a-dos-disney-minnie-reveuse.jpg
146,11,https://samsonite.com.tn/2708-large_default/sac-a-dos-disney-minnie-reveuse.jpg
146,12,https://samsonite.com.tn/2709-large_default/sac-a-dos-disney-minnie-reveuse.jpg
111,1,https://samsonite.com.tn/2426-large_default/sam-school-spirit-m.jpg
111,2,https://samsonite.com.tn/2427-large_default/sam-school-spirit-m.jpg
111,3,https://samsonite.com.tn/2428-large_default/sam-school-spirit-m.jpg
111,4,https://samsonite.com.tn/2429-large_default/sam-school-spirit-m.jpg
111,5,https://samsonite.com.tn/2430-large_default/sam-school-spirit-m.jpg
111,6,https://samsonite.com.tn/2431-large_default/sam-school-spirit-m.jpg
111,7,https://samsonite.com.tn/2432-large_default/sam-school-spirit-m.jpg
111,8,https://samsonite.com.tn/2433-large_default/sam-school-spirit-m.jpg
111,9,https://samsonite.com.tn/2435-large_default/sam-school-spirit-m.jpg
111,10,https://samsonite.com.tn/2436-large_default/sam-school-spirit-m.jpg
111,11,https://samsonite.com.tn/2437-large_default/sam-school-spirit-m.jpg
102,1,https://samsonite.com.tn/2312-large_default/sammies-panda.jpg
102,2,https://samsonite.com.tn/2313-large_default/sammies-panda.jpg
102,3,https://samsonite.com.tn/2314-large_default/sammies-panda.jpg
102,4,https://samsonite.com.tn/2315-large_default/sammies-panda.jpg
279,1,https://samsonite.com.tn/4734-large_default/urban-groove-ug-lifestyle-jungle.jpg
279,2,https://samsonite.com.tn/4735-large_default/urban-groove-ug-lifestyle-jungle.jpg
279,3,https://samsonite.com.tn/4736-large_default/urban-groove-ug-lifestyle-jungle.jpg
279,4,https://samsonite.com.tn/4738-large_default/urban-groove-ug-lifestyle-jungle.jpg
279,5,https://samsonite.com.tn/4739-large_default/urban-groove-ug-lifestyle-jungle.jpg
279,6,https://samsonite.com.tn/4743-large_default/urban-groove-ug-lifestyle-jungle.jpg
244,1,https://samsonite.com.tn/4374-large_default/ecodiver-laptop-backpack.jpg
244,2,https://samsonite.com.tn/4375-large_default/ecodiver-laptop-backpack.jpg
244,3,https://samsonite.com.tn/4376-large_default/ecodiver-laptop-backpack.jpg
244,4,https://samsonite.com.tn/4377-large_default/ecodiver-laptop-backpack.jpg
244,5,https://samsonite.com.tn/4378-large_default/ecodiver-laptop-backpack.jpg
228,1,https://samsonite.com.tn/4104-large_default/litepoint.jpg
228,2,https://samsonite.com.tn/4105-large_default/litepoint.jpg
228,3,https://samsonite.com.tn/4106-large_default/litepoint.jpg
226,1,https://samsonite.com.tn/4099-large_default/spetrolite-30.jpg
226,2,https://samsonite.com.tn/4100-large_default/spetrolite-30.jpg
226,3,https://samsonite.com.tn/4101-large_default/spetrolite-30.jpg
206,1,https://samsonite.com.tn/4031-large_default/urban-groove.jpg
206,2,https://samsonite.com.tn/4032-large_default/urban-groove.jpg
206,3,https://samsonite.com.tn/4033-large_default/urban-groove.jpg
206,4,https://samsonite.com.tn/4034-large_default/urban-groove.jpg
206,5,https://samsonite.com.tn/4035-large_default/urban-groove.jpg
167,1,https://samsonite.com.tn/4340-large_default/urban-groove-ug3-sac-ordinateur-156.jpg
167,2,https://samsonite.com.tn/4341-large_default/urban-groove-ug3-sac-ordinateur-156.jpg
167,3,https://samsonite.com.tn/4342-large_default/urban-groove-ug3-sac-ordinateur-156.jpg
167,4,https://samsonite.com.tn/4343-large_default/urban-groove-ug3-sac-ordinateur-156.jpg
154,1,https://samsonite.com.tn/2834-large_default/sac-a-dos-ug-lifestyle-bp-6.jpg
154,2,https://samsonite.com.tn/2835-large_default/sac-a-dos-ug-lifestyle-bp-6.jpg
154,3,https://samsonite.com.tn/2836-large_default/sac-a-dos-ug-lifestyle-bp-6.jpg
154,4,https://samsonite.com.tn/2837-large_default/sac-a-dos-ug-lifestyle-bp-6.jpg
154,5,https://samsonite.com.tn/2838-large_default/sac-a-dos-ug-lifestyle-bp-6.jpg
153,1,https://samsonite.com.tn/4107-large_default/sac-a-dos-ug-lifestyle.jpg
153,2,https://samsonite.com.tn/4108-large_default/sac-a-dos-ug-lifestyle.jpg
153,3,https://samsonite.com.tn/4109-large_default/sac-a-dos-ug-lifestyle.jpg
125,1,https://samsonite.com.tn/4161-large_default/summerfunk-duffle.jpg
125,2,https://samsonite.com.tn/4162-large_default/summerfunk-duffle.jpg
125,3,https://samsonite.com.tn/4163-large_default/summerfunk-duffle.jpg
163,1,https://samsonite.com.tn/4356-large_default/at-work-sac-ordinateur-173.jpg
163,2,https://samsonite.com.tn/4357-large_default/at-work-sac-ordinateur-173.jpg
163,3,https://samsonite.com.tn/4358-large_default/at-work-sac-ordinateur-173.jpg
163,4,https://samsonite.com.tn/4359-large_default/at-work-sac-ordinateur-173.jpg
163,5,https://samsonite.com.tn/4360-large_default/at-work-sac-ordinateur-173.jpg
105,1,https://samsonite.com.tn/2337-large_default/sac-urban-pack-florale.jpg
105,2,https://samsonite.com.tn/2338-large_default/sac-urban-pack-florale.jpg
105,3,https://samsonite.com.tn/2339-large_default/sac-urban-pack-florale.jpg
105,4,https://samsonite.com.tn/2340-large_default/sac-urban-pack-florale.jpg
105,5,https://samsonite.com.tn/2341-large_default/sac-urban-pack-florale.jpg
105,6,https://samsonite.com.tn/2342-large_default/sac-urban-pack-florale.jpg
